S&atilde;o Paulo | Todos os Munic&iacute;pios,,,,,,,,,,,,,,
Munic&iacute;pio [-],C&oacute;digo [-],Gent&iacute;lico [-],Prefeito [2025],&Aacute;rea Territorial - km&sup2; [2025],Popula&ccedil;&atilde;o no &uacute;ltimo censo - pessoas [2022],Densidade demogr&aacute;fica - hab/km&sup2; [2022],Popula&ccedil;&atilde;o estimada - pessoas [2025],Escolariza&ccedil;&atilde;o &lt;span&gt;6 a 14 anos&lt;/span&gt; - % [2022],IDHM &lt;span&gt;&Iacute;ndice de desenvolvimento humano municipal&lt;/span&gt; [2010],Mortalidade infantil - &oacute;bitos por mil nascidos vivos [2023],Total de receitas brutas realizadas - R$ [2024],Total de despesas brutas empenhadas - R$ [2024],PIB per capita - R$ [2023],
Adamantina,3500105,adamantinense,JOS&Eacute; CARLOS MARTINS TIVERON,411.987,34687,84.19,35673,100,0.790,8.33,313833384.8,290958010.1,49179.66,
Adolfo,3500204,adolfino,RICARDO DI GIORGIO ROBLES,211.055,4351,20.62,4505,97.46,0.730,-,50181541.52,43661787.44,49478.96,
Agua&iacute;,3500303,aguaiano,GILBERTO LUIZ MORAES SELBER,474.554,32072,67.58,32886,95.74,0.715,7.94,178612817.8,148772582.2,55308.14,
&Aacute;guas da Prata,3500402,pratense,CARLOS HENRIQUE FORTES DEZENA,142.673,7369,51.65,7463,100,0.781,17.54,61132118.93,64547784.11,36960.06,
&Aacute;guas de Lind&oacute;ia,3500501,lindoiense,GERALDO MANTOVANI FILHO,59.872,17930,298.21,18257,99.56,0.745,13.57,163353038.9,153149448.4,44680.12,
&Aacute;guas de Santa B&aacute;rbara,3500550,santa-barbarense,WILIAN JOS&Eacute; DE OLIVEIRA MEANA,404.463,7177,17.74,7460,98.73,0.757,-,75539600.88,64539490.17,52328.53,
&Aacute;guas de S&atilde;o Pedro,3500600,&aacute;gua-pedrense,JO&Atilde;O VICTOR BARBOZA,3.38,2780,769.66,2928,100,0.854,33.33,63967175.06,60456980.05,66687.04,
Agudos,3500709,agudense,RAFAEL LIMA FERNANDES,966.708,37680,38.98,38988,99.41,0.745,8.53,253890623,232147902.5,90653.09,
Alambari,3500758,alambariense,JO&Atilde;O PAULO DANTAS PINTO,159.6,6141,38.48,6373,99.59,0.712,-,46269803.4,41404870.36,26095.45,
Alfredo Marcondes,3500808,marcondense,CELSO PIRANI PASSOS,118.915,4445,37.38,4574,100,0.741,-,40469408.5,37671857.23,35576.36,
Altair,3500907,altairense,MARCO ANTONIO FERREIRA,313.007,3451,11.03,3467,99.21,0.687,41.67,43277037.31,37332658.89,61005.12,
Altin&oacute;polis,3501004,altinopolense,HUELDER DONIZETE MALAGUTTI FERREIRA,928.956,16818,18.10,17197,100,0.730,13.07,132980184.2,113555752.7,56281.23,
Alto Alegre,3501103,alto-alegrense,CARLOS SUSSUMI IVAMA,318.574,3841,12.06,3874,100,0.700,-,43706858.55,38756483.7,44883.13,
Alum&iacute;nio,3501152,aluminense,ANA PAULA DE CASSIA NETTO,83.619,17301,206.90,17607,99.55,0.766,17.24,176139873.7,168717241.4,198774.29,
&Aacute;lvares Florence,3501202,alvares florencense,ADILSON BATISTA LEITE,362.411,3915,10.80,3979,98.38,0.728,-,42395411.15,36851486.63,44852.67,
&Aacute;lvares Machado,3501301,machadense,LUIZ FRANCISCO BOIGUES,347.647,27255,78.40,28386,98.67,0.758,11.94,137502534.4,119633561.4,31545.46,
&Aacute;lvaro de Carvalho,3501400,carvalhense,ADILSON DE OLIVEIRA LOPES,153.662,4808,31.29,4901,100,0.688,62.5,36148145.26,33809957.04,14429.47,
Alvinl&acirc;ndia,3501509,alvinlandense,ANTONIO FERREIRA DE MORAES JUNIOR,84.879,2885,33.99,2919,97.9,0.722,-,31395901.61,28621964.75,28635.3,
Americana,3501608,americanense,FRANCISCO ANTONIO SARDELLI,133.912,237240,1771.61,247571,98.64,0.811,8.65,1467236513,1403835018,74188.86,
Am&eacute;rico Brasiliense,3501707,am&eacute;rico-brasiliense,TEREZINHA APARECIDA VIVEIROS DE SOUZA,122.958,33019,268.54,33708,98.03,0.751,16.3,190433743.9,172127189.8,45578.66,
Am&eacute;rico de Campos,3501806,americampense,RAFAEL GIMENEZ MARIOTO,252.876,5870,23.21,5981,100,0.745,-,48197355.01,42720088.82,29957.02,
Amparo,3501905,amparense,CARLOS ALBERTO MARTINS,445.323,68008,152.72,69792,98.88,0.785,5.55,554019302.5,485374609.4,98495.31,
Anal&acirc;ndia,3502002,analandense,SILVANA MARCIA PERIN CAMPBELL PENNA,325.953,4589,14.08,4694,99.42,0.754,19.23,58881840.58,54518990.82,58028.24,
Andradina,3502101,andradinense,MARIO CELSO LOPES,964.226,59783,62.00,61625,99.47,0.779,18.05,345384998.8,300905614.3,74685.78,
Angatuba,3502200,angatubense,NICOLAS BASILE ROCHEL,1028.104,24022,23.38,24573,100,0.719,9.4,167886919.7,149834474.7,73951.99,
Anhembi,3502309,anhembiense,JAIRO DE G&Oacute;IS,736.09,5674,7.70,5766,98.66,0.721,43.48,66831997.47,61895293.46,55541.76,
Anhumas,3502408,anhumense,ADAILTON CESAR MENOSSI,320.84,4023,12.54,4118,100,0.741,-,48206999.48,41041136.56,32904.69,
Aparecida,3502507,aparecidense,JOSE LUIZ RODRIGUES,120.89,32569,269.41,33141,98.8,0.755,26.32,218514508.9,210860025.7,42055.3,
Aparecida d'Oeste,3502606,aparecidense,IZAIAS APARECIDO SANCHEZ,179.004,4086,22.83,4112,100,0.721,-,41068260.86,38938251.91,55260.37,
Apia&iacute;,3502705,apiaiense,SERGIO VICTOR BORGES BARBOSA,974.322,24585,25.23,24857,99.61,0.710,9.49,152383724.4,138951360.1,50259.33,
Ara&ccedil;ariguama,3502754,ara&ccedil;ariguamense,RODRIGO DE ANDRADE,145.247,21522,148.22,22314,98.23,0.704,9.06,247324899.9,265757014.1,224518.01,
Ara&ccedil;atuba,3502804,ara&ccedil;atubense,LUCAS PAVAN ZANATTA,1167.126,200124,171.47,208415,98.67,0.788,14.18,1085202505,1055155553,57253.2,
Ara&ccedil;oiaba da Serra,3502903,ara&ccedil;oiabano,JOS&Eacute; CARLOS DE QUEVEDO JUNIOR,255.305,32443,127.08,33832,98.98,0.776,21.22,234498020.3,227640492.9,46949.85,
Aramina,3503000,araminense,LUIS S&Eacute;RGIO CELESTE JORGE,202.829,5420,26.72,5535,98.33,0.740,-,49062547.88,43903724.52,40438.92,
Arandu,3503109,aranduense,FLAVIO CARLOMAGNO GALHEGO,285.908,6885,24.08,7076,99.24,0.685,36.59,69833316.95,63513197.11,31552.42,
Arape&iacute;,3503158,arapeiense,REN&Ecirc; L&Uacute;CIO GON&Ccedil;ALVES,156.479,2330,14.85,2355,100,0.680,-,39416153.74,38795813.22,22848,
Araraquara,3503208,araraquarense,LUIS CLAUDIO LAPENA BARRETO,1003.626,242228,241.35,253474,98.27,0.815,14.64,1853090162,1777396870,60643.28,
Araras,3503307,ararense,IRINEU NORIVAL MARETTO,644.805,130866,202.95,135744,99.37,0.781,9.15,992147262.2,1055730697,76588.83,
Arco-&Iacute;ris,3503356,arcoirense,ALDO MANSANO FERNANDES,264.904,2044,7.72,2089,99.24,0.722,-,34085521.91,28987307.87,66696.94,
Arealva,3503406,arealvense,PAULO JULIANO NICOLIELO JUNIOR,506.226,8130,16.06,8290,99.31,0.744,-,59458512.08,55541738.45,37036.91,
Areias,3503505,areiense,RODRIGO JOSE RAMOS DE OLIVEIRA,303.98,3577,11.72,3617,99.17,0.697,37.74,45692007.27,44605650.62,20979.07,
Arei&oacute;polis,3503604,areiopolitano,MICHEL HENRIQUE AUGUSTO,85.907,10130,117.92,10242,99.17,0.695,39.37,66850682.72,66509756.78,21886.14,
Ariranha,3503703,ariranhense,EMERSON ANTONIO TROV&Oacute;,132.624,7602,57.32,7621,95.88,0.733,-,70695208.84,67943426.22,164693.79,
Artur Nogueira,3503802,nogueirense,LUCAS SIA RISSATO,181.786,51456,289.04,53467,98.48,0.749,1.65,319157474,308062799.6,42032.66,
Aruj&aacute;,3503901,arujaense / arujano,LUIS ANTONIO DE CAMARGO,96.369,86678,901.33,90273,100,0.784,13.18,655276111,600366081.4,120285.74,
Asp&aacute;sia,3503950,aspasiense,IVAN DE PAULA,69.373,1842,26.55,1875,100,0.735,-,31674801.57,24980474.48,35749.6,
Assis,3504008,assisense,TELMA GONCALVES CARNEIRO SPERA DE ANDRADE,460.609,101409,220.16,104858,99.09,0.805,12.49,639233100.2,648630967.3,46175.48,
Atibaia,3504107,atibaiano,DANIEL DA ROCHA MARTINI,478.52,158647,331.54,167161,97.87,0.765,11.35,1293002954,1255111550,59418.61,
Auriflama,3504206,auriflamense,KATIA CONCEI&Ccedil;&Atilde;O MORITA DE CARVALHO,434.117,13692,31.51,13856,99.05,0.773,15.15,87714317.09,84911843.08,32396.47,
Ava&iacute;,3504305,avaiense,HELLEN FERNANDES RODRIGUES COELHO,540.689,4483,8.29,4503,99.51,0.714,14.29,54228875.89,46901573.14,111745.11,
Avanhandava,3504404,avanhandavense,NORBERTO CESAR BERALDO,338.37,11263,33.29,11436,99.49,0.705,7.69,79433258.17,70174353.02,26258.97,
Avar&eacute;,3504503,avareense,ROBERTO DE ARAUJO,1213.055,92805,76.51,96450,99.02,0.767,20.17,593541160.2,519109752.2,47503.24,
Bady Bassitt,3504602,badiense,JANIMEIRI CATELANI BUZZI,110.372,27260,246.98,29346,99.38,0.746,5.48,172490974.5,156459039.6,27960.2,
Balbinos,3504701,balbinense,JOSE MARCIO RIGOTTO,91.635,3887,42.42,3969,100,0.669,-,29592681.88,23479529.56,21326.13,
B&aacute;lsamo,3504800,balsamense,JOSE EDUARDO NALIATI JUNIOR,149.881,9596,64.02,9902,99.47,0.756,10.53,62192538.6,56544571.07,38335.86,
Bananal,3504909,bananalense,WILLIAM LANDIM DA SILVA,616.934,9969,16.17,10097,99.19,0.733,21.51,79694671.28,70292894.89,28332.23,
Bar&atilde;o de Antonina,3505005,bar&atilde;oense,RODRIGO WALDEMAR MARQUES,153.142,3531,23.06,3632,98.37,0.711,-,37720370.32,31330760.66,22770.74,
Barbosa,3505104,barbosano,RODRIGO PRIMO ANTUNES,205.212,5640,27.48,5627,99.63,0.699,-,50075629.73,44420167.33,33142.31,
Bariri,3505203,baririense,AIRTON LUIS PEGORARO,444.405,31595,71.10,32406,99.33,0.750,10.72,189877688.2,174177245.9,58989.2,
Barra Bonita,3505302,barra-bonitense,MANOEL FABIANO FERREIRA FILHO,150.121,34346,228.79,35129,99.74,0.788,14.55,235125457.9,222279660.8,60499.06,
Barra do Chap&eacute;u,3505351,barrense,IVANIL NORBERTO PEREIRA NOLASCO,405.681,5179,12.77,5254,99.35,0.660,43.48,48798836.44,42996723.73,39171.73,
Barra do Turvo,3505401,barra-turvense,VICTOR MARUYAMA,1007.684,6876,6.82,6894,98.19,0.641,12.82,72241915.01,63986464.28,21110.97,
Barretos,3505500,barretense,ODAIR DE MOURA E SILVA,1566.161,122485,78.21,126957,98.52,0.789,8.73,1075459991,1146526155,54826.42,
Barrinha,3505609,barrinhense,MARIA L&Uacute;CIA TERESINHA GROTTA,148.756,32092,219.77,33304,98.39,0.725,14.32,175955482.3,159359645.9,22983.3,
Barueri,3505708,barueriense,JOSE ROBERTO PITERI,66.364,316473,4816.87,333737,98.81,0.786,5.88,5629537893,5230632951,226391.22,
Bastos,3505807,bastense,KLEBER LOPES DE SOUSA,170.912,21503,125.81,21936,99.45,0.751,12.99,148502038,126693283,74250.25,
Batatais,3505906,batataense,LUIS FERNANDO BENEDINI GASPAR JUNIOR,849.526,58402,68.75,59939,98.89,0.761,15.85,380272771.5,356289080.2,56996.17,
Bauru,3506003,bauruense,SU&Eacute;LLEN SILVA ROSIM,667.684,379146,567.85,392947,99.12,0.801,8.3,2009862847,2265239216,54477.06,
Bebedouro,3506102,bebedourense,LUCAS GIBIN SEREN,683.192,76373,111.79,78257,99.09,0.780,7.66,523453081.4,515675424.1,69967.94,
Bento de Abreu,3506201,bento-abreuense,TEREZINHA DO CARMO SALESSE,301.687,2606,8.64,2640,99.21,0.744,-,40210292.94,36589337.41,110521.93,
Bernardino de Campos,3506300,bernardinense,WILSON JOSE GARCIA,244.158,11607,47.54,11881,99.57,0.734,-,78657217.28,66603548.62,52166.74,
Bertioga,3506359,bertioguense,MARCELO HELENO VILARES,491.546,64188,130.58,67436,98.4,0.730,20.18,1036554597,1018369762,41496.08,
Bilac,3506409,bilaquense,ANT&Ocirc;NIO FERREIRA LOUREIRO,158.025,7319,46.32,7464,99.33,0.768,-,63888997.46,61528316.92,42047.48,
Birigui,3506508,biriguiense,SAMANTA PAULA ALBANI BORINI,530.031,118979,224.48,123340,98.34,0.780,8.27,699605082.5,654509622.3,40902.09,
Biritiba Mirim,3506607,biritibano,CARLOS ALBERTO TAINO JUNIOR,317.406,29683,93.52,30564,99.04,0.712,8.93,167080951,161533410.7,37447.06,
Boa Esperan&ccedil;a do Sul,3506706,boa-esperancense,JOS&Eacute; MANOEL DE SOUZA,690.748,12978,18.79,13113,99.31,0.681,-,114070361.6,102970942.9,48791.5,
Bocaina,3506805,bocainense,CAIO AUGUSTO CREPALDI,363.926,11259,30.94,11480,99.02,0.742,-,77477911.63,67659687.02,33873.02,
Bofete,3506904,bofetense,EUGENIO CARLOS ALVES,654.546,10460,16.01,10710,99.52,0.705,15.5,86241447.42,83478499.4,29615.01,
Boituva,3507001,boituvense,EDSON JOSE MARCUSSO,248.954,61081,245.35,63850,98.66,0.780,14.81,449143411,446784449.6,73249.13,
Bom Jesus dos Perd&otilde;es,3507100,perdoense,PAULO AFONSO FERREIRA BUENO,108.366,22006,203.07,22579,96.93,0.713,3.34,174884089.1,169009946.1,73953.06,
Bom Sucesso de Itarar&eacute;,3507159,bom sucessiense,DIRCEU PACHECO DE OLIVEIRA,133.578,3555,26.61,3609,100,0.660,-,35832471.02,29264814.39,21796.65,
Bor&aacute;,3507209,boraense,LUIZ CARLOS RODRIGUES,118.951,907,7.62,932,100,0.746,-,28035502.58,22341829.49,133365.32,
Borac&eacute;ia,3507308,boraceense,MARCOS VINICIO BILANCIERI,122.11,4715,38.61,4838,99.54,0.754,34.48,47483509.16,41988893.58,139456.01,
Borborema,3507407,borboremense,SHEILA MARIA GON&Ccedil;ALVES DE OLIVEIRA,552.256,14226,25.76,14405,98.58,0.730,7.81,111619005.7,96474601.29,49551.58,
Borebi,3507456,borebiense,ANDERSON PINHEIRO DE GOES,347.989,2713,7.80,2801,100,0.705,-,49455535.03,39867113.34,43661.03,
Botucatu,3507506,botucatuense,FABIO VIEIRA DE SOUZA LEITE,1481.772,145155,97.90,151053,96.6,0.800,7.7,856487647.3,786527804.6,55059.4,
Bragan&ccedil;a Paulista,3507605,bragantino,EDMIR JOSE ABI CHEDID,512.584,176811,344.94,185688,98.79,0.776,9.46,1087095485,1112622401,59064.7,
Bra&uacute;na,3507704,braunense,MAICON APARECIDO SUBIRES RIBEIRO,195.176,5356,27.44,5477,99.42,0.737,16.13,46258962.25,43444794.32,29472.58,
Brejo Alegre,3507753,brejoalegrense,RAFAEL ALVES DOS SANTOS,105.689,2565,24.27,2605,100,0.710,37.04,33773461.96,29753737.21,35359.3,
Brodowski,3507803,brodosquiano,F&Aacute;BIO MAXIMINIANO VERCEZI SEVERI,278.458,25201,90.50,26314,99.48,0.755,7.72,202346025.3,156364106.1,48026.05,
Brotas,3507902,brotense,ALEXSANDRA BERTO BRAND&Atilde;O,1101.373,23898,21.70,24501,98.74,0.740,10.99,208474120.2,182763044.6,65109.23,
Buri,3508009,buriense,GERMANO ALMEIDA PESCHEL,1196.463,20250,16.92,20731,96.48,0.667,13.47,152340737,137366807.6,44831.25,
Buritama,3508108,buritamense,TIAGO LUIZ DE OLIVEIRA,327.344,17210,52.64,17658,99.67,0.763,11.3,143074742.8,127076209.8,43358.73,
Buritizal,3508207,buritinense,DANIEL SARRETA,266.42,4356,16.35,4458,99.46,0.735,-,60912326.53,54500859.99,70148.67,
Cabr&aacute;lia Paulista,3508306,cabraliense,ODEMIL ORTIZ DE CAMARGO,239.974,4299,17.91,4360,99.55,0.694,-,39777492.28,36417865.73,41284.27,
Cabre&uacute;va,3508405,cabreuvano,NOEMI MEDEIROS BERNARDES,260.234,47011,180.65,48654,99.97,0.738,8.22,415020740.8,412948379.9,154027.39,
Ca&ccedil;apava,3508504,ca&ccedil;apavense,YAN LOPES DE ALMEIDA,369.558,96202,260.72,100071,98.4,0.788,15.37,546697312.2,485187958.2,67735.3,
Cachoeira Paulista,3508603,cachoeirense,BRENO BARBOSA ANAYA XAVIER,288.747,31564,109.60,32534,98.43,0.764,-,146858581.3,143763552.5,26859.28,
Caconde,3508702,cacondense,JOS&Eacute; AFONSO DE PAIVA,468.998,17101,36.52,17228,99.66,0.720,15.79,97395379.47,84370895.51,32402.16,
Cafel&acirc;ndia,3508801,cafelandense,TAIS FERNANDA MAIMONI CONTIERI SANTANA,920.28,16654,18.10,16907,98.55,0.742,11.11,119390347,103614048.2,55880.58,
Caiabu,3508900,caiabuense,SUELEN NARA MATOS MATIVE,252.704,3712,14.65,3726,100,0.729,-,35945580.52,29285389.67,23711.06,
Caieiras,3509007,caieirense,GILMAR SOARES VICENTE,97.745,95032,973.27,98549,98.34,0.781,13.95,565222575.1,514299657.6,57955.42,
Caiu&aacute;,3509106,caiuense,JAYME SALVADOR ALVES,551.159,5466,9.92,5599,100,0.697,31.25,54665014.41,50094586.38,20471.13,
Cajamar,3509205,cajamarense,KAUAN BERTO SOUSA SANTOS,131.521,92689,705.47,98365,99.04,0.728,15.33,1261246209,1154550748,312708.11,
Cajati,3509254,cajatiense,LUIZ HENRIQUE KOGA,454.489,28515,62.75,29262,98.92,0.694,21.9,216818009.7,201539634.2,69706.13,
Cajobi,3509304,cajobiense,MARCIO DONIZETI BARBARELLI,176.929,9133,51.62,9210,98.88,0.734,-,62454637.49,56241487.97,30110.66,
Cajuru,3509403,cajuruense,ALEX MORETINI,660.088,23830,36.10,24233,98.67,0.713,19.69,122748289.4,121135629.4,47158.98,
Campina do Monte Alegre,3509452,campinomontealegrense,MARCELO LISB&Ocirc;A MACHADO,184.479,5954,32.27,6090,98.48,0.717,-,49235546.76,43977749.37,35511.64,
Campinas,3509502,campineiro,D&Aacute;RIO JORGE GIOLO SAADI,794.57,1139047,1433.54,1187974,98.17,0.805,8.65,9177638154,9363240384,80741.47,
Campo Limpo Paulista,3509601,campo-limpense,ADEILDO NOGUEIRA DA SILVA,79.504,77632,977.70,79781,99.58,0.769,12.49,478044190.7,439244344.2,41657.24,
Campos do Jord&atilde;o,3509700,jordanense,CARLOS EDUARDO PEREIRA DA SILVA,289.981,46974,161.99,47956,98.64,0.749,12.18,393287886.7,395669211.8,41444.19,
Campos Novos Paulista,3509809,campos-novense,FLAVIO FERMINO EUFLAUZINO,484.199,4888,10.10,5003,100,0.706,20,60856532.45,54071041.4,70027.52,
Canan&eacute;ia,3509908,cananeiense,ANDRE NOGUEIRA SANCHES,1237.354,12289,9.93,12491,98.71,0.720,6.33,96153007.61,85234147.92,26897.03,
Canas,3509957,canense,GUSTAVO ZANIN LUCENA FAMADAS,53.261,4931,92.58,5068,100,0.704,12.66,37264951.21,37543598.5,24542.09,
C&acirc;ndido Mota,3510005,c&acirc;ndido-motense,ERALDO JOSE PEREIRA,595.811,29449,49.43,30157,99.72,0.747,9.01,211924415.9,198836904.3,84306.94,
C&acirc;ndido Rodrigues,3510104,c&acirc;ndido-rodriguense,TIAGO ALEX RAVAZZI,70.892,2889,40.75,2959,100,0.789,-,37480832.78,38628518.63,54673.16,
Canitar,3510153,canitarense,JOEL RODRIGUES,57.459,6283,109.35,6589,98.92,0.680,20.41,45962523.77,40615943.09,34748.99,
Cap&atilde;o Bonito,3510203,cap&atilde;o-bonitense,JULIO FERNANDO GALV&Atilde;O DIAS,1640.229,46337,28.25,47409,99.27,0.721,8.5,282593549.7,260950760.8,36016.18,
Capela do Alto,3510302,capelense,HENRIQUE DANIEL LEME,169.89,22866,134.59,23777,89.75,0.699,3.62,143157013.7,122857725.2,23443.01,
Capivari,3510401,capivariano,VITOR HUGO RICCOMINI,322.878,50068,155.07,51369,96.46,0.750,11.31,444924418.9,412458901,76385.32,
Caraguatatuba,3510500,caraguatatubense,MATEUS VENEZIANI DA SILVA,484.947,134873,278.12,142248,99.37,0.759,11.06,1404905153,1340334903,43172.58,
Carapicu&iacute;ba,3510609,carapicuibano,JOSE ROBERTO DA SILVA,34.234,386984,11201.99,398236,97.19,0.749,14.26,1071515152,912610417.3,21801.46,
Cardoso,3510708,cardosense,LU&Iacute;S PAULO BEDNARSKI PEDRASSOLLI,639.248,11345,17.75,11476,100,0.722,9.43,87705969.1,84749750.29,38785.77,
Casa Branca,3510807,casa-branquense,ANTONIO EDUARDO MAR&Ccedil;ON NOGUEIRA,864.225,28083,32.50,28779,99.08,0.730,11.15,214245408.6,191880957,53209.39,
C&aacute;ssia dos Coqueiros,3510906,cassiano,SILVIO SANTOS DOS REIS FARIA,191.683,2799,14.60,2861,100,0.734,-,33730425.87,29262324.21,109344.83,
Castilho,3511003,castilhense,PAULO DUARTE BOAVENTURA,1065.318,19977,18.75,20485,100,0.731,9.8,182453257.7,154607421.2,113908.03,
Catanduva,3511102,catanduvense,OSVALDO DE OLIVEIRA ROSA,291.926,115791,398.46,119275,98.8,0.785,13.01,779570473.6,813801631.9,60712.43,
Catigu&aacute;,3511201,catig&uuml;ense,CLAUDEMIR JOSE GRAVA,146.568,7003,47.19,7101,97.54,0.751,-,45220188.82,42066099.52,28123.15,
Cedral,3511300,cedralense,IRINEO BEOLCHI JUNIOR,197.099,12618,63.78,13314,99.3,0.766,-,94565623.59,89982316.85,64104.42,
Cerqueira C&eacute;sar,3511409,cerqueirense,DIEGO AUGUSTO BERTI CINTO,511.621,21469,41.96,22210,99.71,0.729,8.06,143045517.1,135240203.5,65239.1,
Cerquilho,3511508,cerquilhense,PAULO ROBERTO PILON,127.803,44695,349.72,46391,99.78,0.782,6.28,290186454.2,306513880.8,64690.18,
Ces&aacute;rio Lange,3511607,cesariano-lange,RAMIRO DE CAMPOS,190.392,19048,100.05,19707,99.36,0.706,19.92,123506309.6,114317602.3,63832.64,
Charqueada,3511706,charqueadense,RODRIGO DE ARRUDA,175.846,15535,88.34,15814,99.64,0.736,16.85,100932269.7,88136152.07,50892.01,
Clementina,3511904,clementinense,GILSON ROBERTO RODRIGUES CRIOLEZIO,168.59,6982,41.41,7084,96.13,0.725,23.81,54742997.68,44445725.56,36394.63,
Colina,3512001,colinense,VALDEMIR ANTONIO MORALLES,422.303,18486,43.77,18880,99.5,0.757,4.9,176326170.6,155481100.5,111034.1,
Col&ocirc;mbia,3512100,colombiense,JULIO C&Eacute;SAR DOS SANTOS,728.648,6629,9.10,6802,96.91,0.710,9.62,93527495.47,84064634.88,112148.6,
Conchal,3512209,conchalense,ORLANDO CALEFFI JUNIOR,182.793,28101,153.73,29132,99.1,0.708,24.19,200410319.8,176795759.3,38919.04,
Conchas,3512308,conchense,PAULO NUNES DE ALMEIDA,467.327,15232,32.68,15345,98.96,0.736,5.35,110333974.5,90895541.24,36180.62,
Cordeir&oacute;polis,3512407,cordeiropolense,MARIA CRISTINA DEGASPARI ABRAH&Atilde;O SAAD,137.678,24514,178.18,25286,98.67,0.758,14.65,320369996,289524944.9,170021.84,
Coroados,3512506,coroadense,ROBERTO CARRILHO ALVES,246.826,5400,21.88,5504,99.68,0.719,21.28,48807693.86,49473856.11,62111.95,
Coronel Macedo,3512605,macedense,DIEGO GARCIA BATISTA,303.83,4280,14.09,4271,100,0.690,22.73,53524932.33,44773651.93,38749.81,
Corumbata&iacute;,3512704,corumbataiense,JO&Atilde;O BATISTA ALTARUGIO FILHO,278.622,4195,15.06,4296,100,0.754,-,51353389.55,44525858.38,84530.06,
Cosm&oacute;polis,3512803,cosmopolense,ANTONIO CLAUDIO FELISBINO JUNIOR,151.645,59773,386.47,61167,99.03,0.769,11.48,362491715.3,332562280.4,38702.49,
Cosmorama,3512902,cosmoramense,NELSON NARCISO DA SILVEIRA JUNIOR,441.68,8719,19.74,9019,99.26,0.722,11.9,71470356.31,56762190.93,100748.62,
Cotia,3513009,cotiano,WELINGTON APARECIDO ALFREDO,324,274413,846.97,289493,98.8,0.780,12.08,1916168897,1814620464,69460.17,
Cravinhos,3513108,cravinhense,ITAMAR GOMES BUENO,311.423,33281,106.87,34307,99.13,0.756,25.5,268860651.7,272303672.3,70831.8,
Cristais Paulista,3513207,cristalense,ELSON GOMES DOS SANTOS,385.23,9272,24.07,9600,99.41,0.734,-,69895450.47,61707024.82,48443.85,
Cruz&aacute;lia,3513306,cruzaliense,ARILDO OSMAR DE MORO,149.33,2108,14.12,2123,97.93,0.774,-,37080833.08,30369714.88,103509.77,
Cruzeiro,3513405,cruzeirense,JOSE KLEBER LIMA SILVEIRA JUNIOR,305.669,74961,245.21,76444,98.92,0.788,14.47,408094850.5,403287651.6,57122.53,
Cubat&atilde;o,3513504,cubatense,CESAR DA SILVA NASCIMENTO,143.649,112476,787.21,114870,99.02,0.737,23.01,1989789041,2040281782,247282.87,
Cunha,3513603,cunhense,RODRIGO SERGIO DO NASCIMENTO,1407.098,22110,15.71,22460,97.92,0.684,4.37,122167182.6,122773446.9,19581.21,
Descalvado,3513702,descalvadense,LUIS GUILHERME PANONE,753.926,31756,42.13,32663,98.32,0.760,9.26,218357167,197027626.1,81385.67,
Diadema,3513801,diademense,TAKAHARU YAMAUCHI,30.806,393237,12795.69,403579,98.71,0.757,12.53,2057978425,2165903559,53985.47,
Dirce Reis,3513850,dircense,MARCELO JOS&Eacute; BERNARDO,88.152,1620,18.38,1639,95.83,0.741,-,32283557.29,27730737.22,61410.78,
Divinol&acirc;ndia,3513900,divinolandense,ANTONIO DE PADUA AQUISTI,223.749,11158,49.87,11305,99.7,0.734,23.81,77036994.79,87910733.54,47372.66,
Dobrada,3514007,dobradense,ANTONIO CARLOS DE MATTOS SANTOS,149.729,8759,58.50,8986,99.12,0.718,27.03,50104787.6,44541746.31,24404.03,
Dois C&oacute;rregos,3514106,dois-correguense,ALCEU ANTONIO MAZZIERO,632.972,24510,38.72,24847,99.19,0.725,24.56,176091328.8,174053944.5,48433.16,
Dolcin&oacute;polis,3514205,dolcinopolense,DIEGO APARECIDO PEREIRA MIGUEL,77.939,2207,28.32,2254,100,0.742,-,29828243.89,24311571.49,38237.49,
Dourado,3514304,douradense,LUIZ ANTONIO ROGANTE JUNIOR,205.874,8096,39.33,8169,99.28,0.738,12.2,72502084.77,64990908.97,145521.22,
Dracena,3514403,dracenense,GENI PEREIRA LOBO PESIN,487.271,45474,93.24,46735,99.3,0.776,13.39,262198725.7,249133171.3,40797.46,
Duartina,3514502,duartinense,SUZY HELENA SIM&Atilde;O BLAGITZ FERRAZ,264.557,12328,46.60,12532,99.92,0.748,13.61,78642384.06,68418754.67,35348.77,
Dumont,3514601,dumonense,ROGERSON APARECIDO BURJALON RUIZ,111.361,9471,85.04,9764,97.98,0.744,11.76,72318901.94,68986737.61,43712.57,
Echapor&atilde;,3514700,echaporense,RONALDO GAZETA,515.258,6205,12.04,6291,99.57,0.745,12.66,56809369.71,50710356.54,30201.92,
Eldorado,3514809,eldoradense,NOEL CASTELO DA COSTA,1654.256,13069,7.90,13109,99.48,0.691,30.3,100188054.8,86023766.25,32442.82,
Elias Fausto,3514908,elias-faustense,JOAQUIM ANTONIO DE CAMPOS BICUDO,202.36,17699,87.46,18168,99.42,0.695,11.11,143975618.6,120519138.7,122013.02,
Elisi&aacute;rio,3514924,elisiarense,CASSIO ROBERTO BERTELLI,93.314,3138,33.39,3190,100,0.747,-,34555364.49,29220315.18,38868.88,
Emba&uacute;ba,3514957,embaubense,NERCILIO PINHEIRO DA SILVA,83.129,2323,27.94,2349,97.29,0.730,-,30037265.75,27131747.47,40048.06,
Embu das Artes,3515004,embuense,HUGO DO PRADO SANTOS,70.264,250691,3561.05,259788,98.73,0.735,14.41,1500039360,1382112324,68971.96,
Embu-Gua&ccedil;u,3515103,embu-gua&ccedil;uense,ANDR&Eacute; GEORGE NERES DE FARIAS,155.285,66970,430.29,68913,98.87,0.749,6.22,314769066.2,313901289.4,26025.38,
Emilian&oacute;polis,3515129,emilian&oacute;polense,ELTON MUNHOZ DE SOUZA,225.177,3014,13.39,3061,100,0.727,24.39,33631435.66,29750968.23,32470.45,
Engenheiro Coelho,3515152,engenheiro coelhense,PEDRO FRANCO DE OLIVEIRA,109.574,19566,177.97,20261,98.89,0.732,7.12,125811886.7,119716558.8,41622.72,
Esp&iacute;rito Santo do Pinhal,3515186,pinhalense,SERGIO DEL BIANCHI JUNIOR,389.235,39816,102.29,40610,98.21,0.787,21.79,218236266.6,191940220.2,68194.87,
Esp&iacute;rito Santo do Turvo,3515194,esp&iacute;rito santense,GILBERTO NASCIMENTO BERTOLINO,193.666,4157,21.46,4214,99.17,0.696,-,46411362.81,40444620.54,43735.71,
Estrela d'Oeste,3515202,estrelense,PEDRO DE SENZI NETO,296.281,9417,31.78,9696,99.44,0.760,10.1,82955239.03,84240468.13,139870.72,
Estrela do Norte,3515301,estrelense,ALBERTO MARTINS DE OLIVEIRA,264.987,2703,10.20,2751,98.22,0.740,62.5,36965356.44,33404099.97,25783.13,
Euclides da Cunha Paulista,3515350,euclidense,DOMINGOS MENTE LOPES,571.169,7924,13.81,7883,99.47,0.704,-,56502199.85,55481203.93,20470.52,
Fartura,3515400,farturense,LUIZ MARCOS DE SOUZA,429.171,16641,38.77,17029,98.9,0.732,6.02,107073871.9,91846845.97,34036.1,
Fernand&oacute;polis,3515509,fernandopolense,JO&Atilde;O PAULO SALES CANTARELLA,549.797,71186,129.48,73508,99.52,0.797,10.4,399282516.3,398976686.5,39203.05,
Fernando Prestes,3515608,fernando-prestense,MARIEL SEBASTI&Atilde;O ROCHA,169.99,5942,34.95,6080,100,0.758,22.22,53807199.26,47517917.22,47401.85,
Fern&atilde;o,3515657,fern&atilde;oense,EBER ROG&Eacute;RIO ASSIS,100.504,1656,16.48,1692,98.46,0.703,-,33318076.66,30725111.4,61977.28,
Ferraz de Vasconcelos,3515707,ferrazense,PRISCILA CONCEI&Ccedil;&Atilde;O GAMBALE VIEIRA MATOS,29.58,179198,6064.85,186479,98.26,0.738,13.6,732618633.7,652083106,30826.13,
Flora Rica,3515806,flora-riquense,FABIO LUIZ FLORENTINO DE FARIA,224.619,1487,6.62,1483,100,0.727,-,30526862.7,26662260.91,44159.24,
Floreal,3515905,florealense,RAUL SCALON,204.236,2733,13.38,2747,97.64,0.747,-,40100062.45,37222405.1,47995.34,
Fl&oacute;rida Paulista,3516002,floridense,JOS&Eacute; ANDRIOTTI,524.138,12958,24.72,13175,99.52,0.715,-,71982931.56,61126219.27,27912.05,
Flor&iacute;nea,3516101,florinense ou florineano,SERGIO LOPES DA SILVA,225.886,3851,17.05,4022,98.72,0.713,-,47809917.9,43032628.54,56131.18,
Franca,3516200,francano,ALEXANDRE AUGUSTO FERREIRA,605.679,352536,582.05,365494,98.98,0.780,11.28,1458423545,1338255640,40777.87,
Francisco Morato,3516309,moratense,ILDO DA SILVA GUSM&Atilde;O,49.001,165139,3370.11,171476,98.69,0.703,11.65,693735232.8,639197034.2,13549.01,
Franco da Rocha,3516408,franco-rochense,LORENA RODRIGUES DE OLIVEIRA,132.775,144849,1090.94,150241,98.78,0.731,12.55,790316490.6,789145192.6,37543.16,
Gabriel Monteiro,3516507,monteirense,RENEE CREMA VIDOTO,138.681,2763,19.92,2813,99.17,0.763,34.48,34464155.16,30850221.84,44862.8,
G&aacute;lia,3516606,galiense,JOSE SILVINO ZANIBONI JUNIOR,355.914,6380,17.93,6413,100,0.709,-,46350021.65,39936026.81,34615.85,
Gar&ccedil;a,3516705,garcense,JOS&Eacute; ALCIDES FANECO,555.807,42110,75.76,43081,98.04,0.769,28.63,288839412.9,274172127.9,44971.87,
Gast&atilde;o Vidigal,3516804,vidigalense,DANIEL GUARNIERI CRIADO,180.569,3252,18.01,3203,98.59,0.723,-,35206623.07,34118840.42,31347.5,
Gavi&atilde;o Peixoto,3516853,gavionense,ADRIANO MAR&Ccedil;AL DA SILVA,243.766,4702,19.29,4806,98.6,0.719,-,92213960.53,84900757.23,369126.5,
General Salgado,3516903,salgadense,THIAGO FRANCISQUINI VIANA,493.88,10312,20.86,10437,99.13,0.747,36.04,80265347.3,79736233.98,33836.64,
Getulina,3517000,getulinense,MARIO TADEU CELESTINO RIBEIRO,676.755,10232,15.12,10337,95.2,0.717,-,69016187.16,61200545.59,26665.42,
Glic&eacute;rio,3517109,glicerense,HAIRTON KELSINE CARVALHO OLIVEIRA,272.8,4138,15.17,4158,99.39,0.735,-,49511388.55,43055965.39,45527.19,
Guai&ccedil;ara,3517208,guai&ccedil;arense,FLAVIA RAMOS BITTENCOURT LE&Atilde;O CABRAL,277.154,11239,40.55,11478,100,0.739,13.07,76962054.78,70979664.22,27658.37,
Guaimb&ecirc;,3517307,guaimbeense,MARCIA HELENA PEREIRA CABRAL ACHILLES,217.811,5512,25.31,5609,100,0.728,18.87,47179885.23,44429044.76,107723.57,
Gua&iacute;ra,3517406,guairense,ANTONIO MANOEL DA SILVA JUNIOR,1258.465,39279,31.21,40489,99.38,0.753,23.2,359463129.8,353255717.6,82333.01,
Guapia&ccedil;u,3517505,guapia&ccedil;uense,CARLOS CESAR ZAITUNE,324.752,21711,66.78,22445,99.02,0.725,11.76,141752995.9,136286703.6,52235.12,
Guapiara,3517604,guapiense,JOS&Eacute; MATHEUS RODOLFO DE FREITAS,408.292,17071,41.81,17225,99.45,0.675,-,102588731.7,91531094.96,34279.33,
Guar&aacute;,3517703,guaraense,TULIO DE MATTOS FIGUEIREDO,362.183,18606,51.37,18748,97.84,0.718,10.75,142873056.4,134359674.7,45937.59,
Guara&ccedil;a&iacute;,3517802,guara&ccedil;aiense,AIRTON JOS&Eacute; GOMES,569.222,7441,13.07,7453,98.11,0.719,-,59922965,54596088.27,50323.11,
Guaraci,3517901,guaraciense,RENATO AZEDA RIBEIRO DE AGUIAR,641.501,10350,16.13,10554,99.71,0.737,11.11,109018951.3,104914553.4,63815.03,
Guarani d'Oeste,3518008,guaraniense,EDMILSON PIRES DO CARMO,85.7,1968,22.96,1999,98.05,0.732,-,30579496.84,26956289.81,24728.3,
Guarant&atilde;,3518107,guarant&atilde;ense,MARCOS ROBERTO FRUGERI,461.746,6427,13.92,6532,99.64,0.713,-,50531228.69,44970912.33,48552.28,
Guararapes,3518206,guararapense,ALEX PERAMO DE ARRUDA,955.637,31043,32.48,31888,99.67,0.763,14.39,198589408.2,178007504.7,55358.31,
Guararema,3518305,guararemense,JOS&Eacute; LUIZ EROLES FREIRE,270.816,31236,115.34,32620,99.16,0.731,9.17,421621172.6,392650164.7,65138.39,
Guaratinguet&aacute;,3518404,guaratinguetaense,ANTONIO GILBERTO FILIPPO FERNANDES JUNIOR,752.636,118044,156.84,121916,98.92,0.798,11.33,653124417.5,570979283.7,70904.25,
Guare&iacute;,3518503,guareiense,REINALDO VICENTE DE SOUZA,567.719,15013,26.44,15285,99.67,0.687,6.94,92417327.87,83423186.17,25724.46,
Guariba,3518602,guaribense,FRANCISCO DIAS MANCANO JUNIOR,270.408,37498,138.73,38678,99.79,0.719,5.31,224629565,207893377.1,40482,
Guaruj&aacute;,3518701,guarujaense,FARID SAID MADI,144.794,287634,1986.50,294871,98.49,0.751,13.49,2664438126,2594277252,40107.77,
Guarulhos,3518800,guarulhense,LUCAS SANCHES PROMESSIA,318.838,1291771,4053.57,1349100,97.76,0.763,13.31,7413937528,6770423310,75522.42,
Guatapar&aacute;,3518859,guataparaense,GILDEMIR DE SOUZA,413.653,7320,17.70,7474,99.29,0.743,22.73,59860166.02,50775143.42,48333.08,
Guzol&acirc;ndia,3518909,guzolandense,LUIZ ANTONIO PEREIRA DE CARVALHO,252.722,4246,16.82,4259,99.49,0.697,54.55,38416122.9,31586160.38,28298.6,
Hercul&acirc;ndia,3519006,herculandense,PAULO SERGIO DE OLIVEIRA,364.252,9125,25.05,9316,100,0.727,18.35,67643413.39,66315002.71,60568.7,
Holambra,3519055,holambrense,FERNANDO HENRIQUE CAPATO,65.337,15094,230.17,15718,100,0.793,9.3,163919161.6,158115322.3,119692.14,
Hortol&acirc;ndia,3519071,hortolandense,JOSE NAZARENO ZEZE GOMES,62.416,236641,3791.35,248842,97.02,0.756,7.44,1645180347,1587532666,93660.54,
Iacanga,3519105,iacanguense,APARECIDA DE F&Aacute;TIMA PINHEIRO,547.393,10437,19.07,10648,98.58,0.745,32.26,94311360.2,84314960.12,65874.34,
Iacri,3519204,iacriense,CLEBER ROGERIO CERBANTES PANHOZZI,321.948,6131,19.04,6197,99.09,0.733,55.56,49948235.56,48676786.2,60697.04,
Iaras,3519253,iarense,PATRICK HERNANDES MORALES,401.381,8010,19.96,8313,99.47,0.674,14.08,57488608.22,51079108.02,40699.95,
Ibat&eacute;,3519303,ibateense,RONALDO RODRIGO VENTURI,290.977,32178,110.59,33160,99.47,0.703,9.52,174010853.2,169919137.9,47138.96,
Ibir&aacute;,3519402,ibiraense,NIVALDO DOMINGOS NEGR&Atilde;O,268.9,11690,42.99,11952,94.42,0.740,31.01,82737195.01,75786126.02,35772.27,
Ibirarema,3519501,ibiraremense,JOSE BENEDITO CAMACHO,228.23,6385,27.98,6450,99.63,0.708,16.39,62687755.62,54707477.24,51900.86,
Ibitinga,3519600,ibitinguense,FLORISVALDO ANTONIO FIORENTINO,689.391,60033,87.08,62143,96.16,0.747,20.59,335279969.5,318919956.5,42124.09,
Ibi&uacute;na,3519709,ibiunense,MARIO PIRES DE OLIVEIRA FILHO,1058.01,75605,71.45,77801,98.18,0.710,10.64,395319651.4,373438405.2,39990.75,
Ic&eacute;m,3519808,icense,APARECIDA SALISSO,362.355,7819,21.58,7982,98.23,0.720,13.16,82435760.92,76061144.61,33755.19,
Iep&ecirc;,3519907,iepense,MARTA PATRICIA STONIS DA COSTA,594.985,7619,12.81,7739,99.46,0.736,32.61,74276693.84,67406904.63,66115.2,
Igara&ccedil;u do Tiet&ecirc;,3520004,iguara&ccedil;uense,CARLOS ALBERTO VARASQUIM,97.747,23106,236.39,23421,97.58,0.727,17.54,113743217.2,113833722.9,20686.23,
Igarapava,3520103,igarapavense,JOS&Eacute; HUMBERTO LACERDA RODRIGUES,468.355,26212,55.97,26696,99.31,0.768,11.28,216618714.8,213201236.3,54254.63,
Igarat&aacute;,3520202,igaratense,GABRIEL GOMES PRIANTI DE JESUS,293.002,10605,36.20,10984,98.52,0.711,8.06,96448621.48,88311379.67,33301.58,
Iguape,3520301,iguapense,SALVADOR JOS&Eacute; BARBOSA JUNIOR,1978.329,29115,14.71,29891,99.15,0.726,7.02,197075524.3,206103228.4,65150.27,
Ilhabela,3520400,ilhabelense,ANTONIO LUIZ COLUCCI,346.389,34934,100.85,36559,99.12,0.756,16.33,939802386.9,1185512474,424535.26,
Ilha Comprida,3520426,ilha compridense,MARISTELA OS&Oacute;RIO DE MARQUES CARDONA,196.567,13419,68.27,14104,99.71,0.725,35.71,143899723.8,143598049,208848.38,
Ilha Solteira,3520442,ilhense,RODRIGO BATISTA GON&Ccedil;ALVES,652.641,25549,39.15,26257,100,0.812,19.9,237297817,212984948.9,35920.47,
Indaiatuba,3520509,indaiatubano,CUST&Oacute;DIO TAVARES DIAS NETO,311.545,255748,820.90,269657,98.62,0.788,7.12,2508036212,2226609290,110518.41,
Indiana,3520608,indianense,WHESLEN THIEGO SCAIONE CACHOEIRA,129.019,5090,39.35,5200,99.42,0.761,33.9,36739926.08,32432920.06,19623.89,
Indiapor&atilde;,3520707,indiapor&atilde;ense,BERNADETE APARECIDA SANTANA RIBEIRO SPONQUIADO,279.606,4035,14.43,4113,99.19,0.751,-,45787394.23,38533745.21,41409.5,
In&uacute;bia Paulista,3520806,inubense,FERNANDO ROSSI,87.119,3615,41.49,3671,100,0.759,38.46,34293477.39,27440232,48885.98,
Ipaussu,3520905,ipau&ccedil;uense,LUIZ CARLOS SOUTO,209.554,13712,65.43,13935,99.77,0.727,14.08,98204168.02,89772041.17,49454.34,
Iper&oacute;,3521002,iperoense,LEONARDO ROBERTO FOLIM,170.289,36459,214.10,38277,98.42,0.719,9.26,207222291.9,189589426.9,35409.71,
Ipe&uacute;na,3521101,ipeunense,MARIA LUISA ZANONI PRATA,190.01,6831,35.95,7027,99.32,0.753,11.76,61782054.51,53534060.83,154556.57,
Ipigu&aacute;,3521150,ipiguaense,EFRAIM GARCIA LOPES,136.028,6761,49.70,7115,100,0.730,11.76,46585695.71,41632720.37,25601.33,
Iporanga,3521200,iporanguense,MARCOS DOS SANTOS DOMINGOS,1152.059,4046,3.51,4083,99.82,0.703,-,48532137.77,40823818.03,17505.86,
Ipu&atilde;,3521309,ipu&atilde;nense,RONYWERTON MARCELO ALVES PEREIRA,466.461,14454,30.99,14701,100,0.749,6.41,116926395.5,110209015.2,40805.98,
Iracem&aacute;polis,3521408,iracemapolense,NELITA CRISTINA MICHEL FRANCESCHINI,115.31,21967,190.82,22500,99.57,0.776,9.85,165698534.1,149488957.7,109426.76,
Irapu&atilde;,3521507,irapuense,RENI APARECIDA DA SILVA,257.611,6867,26.66,6932,98.25,0.713,10,49509622.92,43130774.58,41126.49,
Irapuru,3521606,irapuruense,ADEMAR CALEG&Atilde;O,214.078,7085,33.04,7120,100,0.712,15.63,43427510.84,37867257.4,20101.87,
Itaber&aacute;,3521705,itaberaense,C&Eacute;LIO RONALDO GOMES DE LIMA,1100.247,17983,16.34,18263,98.72,0.693,17.39,144042756.3,128651426.1,58842.16,
Ita&iacute;,3521804,itaiense,JOSE RAMIRO ANTUNES DO PRADO,1092.884,25180,23.04,25979,99.63,0.713,14.65,213807903.2,180990494.2,43000.5,
Itajobi,3521903,itajobiense,SIDIOMAR UJAQUE,502.066,16989,33.84,17502,96.66,0.730,14.15,144871389.5,124922113.9,75256.6,
Itaju,3522000,itajuense,JERRI DE SOUZA NEIVA,230.355,3618,15.71,3715,100,0.705,-,43178399,35992249.49,85214.08,
Itanha&eacute;m,3522109,itanhaense,TIAGO RODRIGUES CERVANTES,601.018,112476,186.93,118495,98.32,0.745,6.87,734753247.1,700319755.3,26284.77,
Itaoca,3522158,itaoquense,FREDERICO DIAS BATISTA,183.015,3422,18.70,3497,99.18,0.680,23.26,39691708.64,62794665.74,19866.08,
Itapecerica da Serra,3522208,itapecericano,RAMON PIRES CORSINI,151.012,158522,1051.61,163003,98.8,0.742,10.53,811067133.4,767345870.9,39206.76,
Itapetininga,3522307,itapetiningano,JEFERSON RODRIGO BRUN,1789.35,157790,88.18,164256,99.08,0.763,10.92,854810258.2,847524967.6,50464.55,
Itapeva,3522406,itapevense,ADRIANA DUCH MACHADO,1826.258,89728,49.13,92393,98.64,0.732,11.46,659695921.3,607161729.1,50803.67,
Itapevi,3522505,itapeviense,MARCOS FERREIRA GODOY,82.583,232297,2810.34,242995,98.98,0.735,11.82,1423169094,1410644865,67220.4,
Itapira,3522604,itapirense,ANTONIO H&Eacute;LIO NICOLAI,518.431,72022,138.93,74038,98.53,0.762,8.17,547367147.2,546178235.8,88389.29,
Itapirapu&atilde; Paulista,3522653,itapirapu&atilde; paulistense,JULIO CESAR DO AMARAL,406.478,4306,10.59,4420,98.7,0.661,-,39756475.5,32891041.75,17953.57,
It&aacute;polis,3522703,itapolitano,VLADIMIR DO CARMO REGGIANI,996.747,39493,39.62,40445,98.25,0.744,18.67,267675897.3,238751165.9,63931.8,
Itaporanga,3522802,itaporanguense,FABIO BRUNO GURGEL BENINI,507.997,14085,27.73,14245,99.78,0.719,31.25,87440801.73,77297473.34,28988.78,
Itapu&iacute;,3522901,itapuiense,MARIA CLELIA VIARO PICHELLI,140.023,13659,97.55,14035,99.34,0.725,32.09,106739599.3,93739390.74,96005.4,
Itapura,3523008,itapurense,SERGINO DA SILVA PRADO,301.653,3979,13.19,4002,100,0.720,-,53517244.36,46901210.79,52613.4,
Itaquaquecetuba,3523107,itaquaquecetubense,EDUARDO BOIGUES QUEROZ,82.575,369275,4469.45,382983,98.47,0.714,15.95,1409597089,1296423547,32439.94,
Itarar&eacute;,3523206,itarareense,JO&Atilde;O JORGE FADEL FILHO,1003.86,44438,44.27,45213,99.35,0.703,12.28,253889809.8,262711955.3,31649.61,
Itariri,3523305,itaririense,CARLOS ROCHA RIBEIRO,273.956,15528,56.74,15916,99.42,0.677,6.62,89586033.01,78580297.69,25800.27,
Itatiba,3523404,itatibense,THOM&Aacute;S ANTONIO CAPELETTO DE OLIVEIRA,322.253,121590,377.29,127112,99.09,0.778,11.66,838775664.9,826668243.6,84936.81,
Itatinga,3523503,itatinguense,PAULO HENRIQUE DE OLIVEIRA ROQUE,979.526,19070,19.46,19462,99.01,0.706,17.7,136773796.2,129975657,31523.91,
Itirapina,3523602,itirapinense,MARIA DA GRA&Ccedil;A ZUCCHI MORAES,564.603,16148,28.60,16454,98.3,0.724,-,152124845,141630308.1,97242.59,
Itirapu&atilde;,3523701,itirapu&atilde;nense,GERSON LUIZ ALVES,161.118,5779,35.87,5857,99.55,0.707,-,37796440.06,37138212.22,33029.32,
Itobi,3523800,itobiano,JOAQUIM C&Acirc;NDIDO FILHO,138.986,8046,57.89,8227,99.73,0.717,-,41817934.55,35161796.78,31212.74,
Itu,3523909,ituano,HERCULANO CASTILHO PASSOS JUNIOR,640.719,168240,262.58,175047,96.3,0.773,10.93,1369293151,1360210214,83288.93,
Itupeva,3524006,itupevense,ROG&Eacute;RIO CAVALIN,201.214,70616,351.54,74994,98.27,0.762,10.38,643693910.7,568977470.8,149105.87,
Ituverava,3524105,ituveravense,LUIZ ANT&Ocirc;NIO DE ARA&Uacute;JO,704.659,37571,53.32,38413,99.14,0.765,7.28,280907801.5,308614403,59051.53,
Jaborandi,3524204,jaborandiense,SILVIO VAZ DE ALMEIDA,273.438,6221,22.75,6280,100,0.711,63.83,62178948.01,58650963.12,39719.46,
Jaboticabal,3524303,jaboticabalense,EMERSON RODRIGO CAMARGO,706.722,71821,101.64,73473,99.06,0.778,6.94,544105892.3,552290883.2,57869.61,
Jacare&iacute;,3524402,jacareiense,CELSO FLOR&Ecirc;NCIO DE SOUZA,464.252,240275,517.53,250952,98.59,0.777,14,1575959376,1626216258,81960.24,
Jaci,3524501,jaciense,VAL&Eacute;RIA PERP&Eacute;TUO GUIMAR&Atilde;ES HENRIQUE,145.133,7613,52.46,7944,97.79,0.723,-,63012678.92,55408470.65,115696.89,
Jacupiranga,3524600,jacupiranguense,JO&Atilde;O BATISTA DE ANDRADE,704.136,16097,22.86,16216,98.33,0.717,10.36,112700442.3,108193872.5,43418.08,
Jaguari&uacute;na,3524709,jaguariunense,DAVID HILARIO NETO,141.391,59347,419.74,62309,98.94,0.784,11.16,769415884.5,670065032.4,247373.54,
Jales,3524808,jalesense,LUIS HENRIQUE DOS SANTOS MOREIRA,368.574,48776,132.34,50078,99.36,0.776,10.06,274576682.4,297542300.2,53104.15,
Jambeiro,3524907,jambeirense,ARIES MARIOTO FERREIRA,184.413,6397,34.69,6611,100,0.756,-,63444825.75,60715839.01,72165.41,
Jandira,3525003,jandirense,HENRI HAJIME SATO,17.122,118045,6765.14,121550,94.54,0.760,13.99,617209619.9,632323590.5,46991.46,
Jardin&oacute;polis,3525102,jardinopolense,ANTONIO CARLOS DEGAN,501.87,45282,90.23,47125,98.93,0.735,12.63,278709091.7,241067935,52970.55,
Jarinu,3525201,jarinuense,D&Eacute;BORA CRISTINA DO PRADO BELINELLO,207.549,37535,180.85,40007,98.4,0.733,10.73,326065475.6,252484341.8,94483.65,
Ja&uacute;,3525300,jauense,JORGE IVAN CASSARO,687.103,133497,194.29,137409,98.92,0.778,13.96,748868060.5,638224927.1,49011.83,
Jeriquara,3525409,jeriquarense,ELAINE PINHEIRO DE PAULA MANSANO GARCIA,141.971,3863,27.21,4000,99.42,0.703,-,40011599.94,34144991.84,79934.9,
Joan&oacute;polis,3525508,joanopolitano,CRISTIANO BENEDITO,374.346,12815,34.24,13131,99.1,0.699,21.43,96268427.17,87454054.18,26198.73,
Jo&atilde;o Ramalho,3525607,ramalhense,DIRCE DA CONCEICAO BUBOLA VALEJO,415.452,4371,10.52,4464,99.32,0.741,24.39,43890571.07,40774394.58,42781.95,
Jos&eacute; Bonif&aacute;cio,3525706,bonifaciano,MARCELO CATARUCI DE ALMEIDA,860.2,36633,42.59,37992,99.24,0.777,16.51,210428228.3,195470800.1,52972.47,
J&uacute;lio Mesquita,3525805,j&uacute;lio-mesquitense,ELTON FRANCISCO DE BRITO,128.183,4254,33.19,4302,97.39,0.716,15.15,35243843.83,37633054.53,19473.25,
Jumirim,3525854,jumirense,DANIEL VIEIRA,56.685,3056,53.91,3132,96.68,0.741,28.57,43293206.45,38093505.67,94224.65,
Jundia&iacute;,3525904,jundiaiense,GUSTAVO MARTINELLI,431.162,443221,1027.87,463039,98.57,0.822,9.07,4141684580,4041944744,147597.65,
Junqueir&oacute;polis,3526001,junqueiropolense,ELIO FURINI NETO,583.273,20448,35.10,20939,99.51,0.745,-,136121465.9,119704600,46012.84,
Juqui&aacute;,3526100,juquiaense,CICERO CIRILO DOS SANTOS,812.799,17154,21.10,17184,99.7,0.700,24.04,114286282.8,105184268.7,26024.11,
Juquitiba,3526209,juquitibense,WILLIANS SOARES RODRIGUES,523.074,27404,52.48,27969,98.74,0.709,16.95,163324022.3,160313045.9,24108.35,
Lagoinha,3526308,lagoinhense,JOS&Eacute; GUILHERME CORR&Ecirc;A GOMES,254.454,5083,19.90,5183,99.34,0.693,-,43513057.57,39246204.11,19950.96,
Laranjal Paulista,3526407,laranjalense,ANTONIO VALDECIR BERTO FILHO,384.274,26261,68.34,27044,97.32,0.729,15.77,183167935.9,161888637.2,64315.12,
Lav&iacute;nia,3526506,lavinense,SALVADOR CAZUO MATSUNAKA,537.675,9689,18.02,9940,100,0.721,-,70031958.08,63027129.04,27071.32,
Lavrinhas,3526605,lavrinhense,MARCOS VINICIUS FRANQUEIRA GARCIA,166.948,7171,42.92,7348,99.39,0.729,11.24,48108582.45,41561244.44,23692.12,
Leme,3526704,lemense,CLAUDEMIR APARECIDO BORGES,402.871,98161,243.65,101537,98.35,0.744,12.94,624559636.1,577899892.8,50310.32,
Len&ccedil;&oacute;is Paulista,3526803,len&ccedil;oiense,ANDRE PACCOLA SASSO,809.541,66505,82.15,68568,98.95,0.764,12.67,603389758.9,501034380.3,98709.09,
Limeira,3526902,limeirense,MURILO BERBERT AVIGO FELIX,580.577,291869,502.61,301292,98.83,0.775,8.58,2005045491,2021080525,71528.46,
Lind&oacute;ia,3527009,lindoiano,LUCIANO FRANCISCO DE GODOI LOPES,48.321,7014,143.86,7158,90.56,0.742,29.85,65934046.68,60947285.84,57785.6,
Lins,3527108,linense,JO&Atilde;O LUIS LOPES PANDOLFI,570.058,74779,131.18,76844,99.25,0.786,16.71,413792606.5,386008938.1,115144.13,
Lorena,3527207,lorenense,SYLVIO BALLERINI,414.16,84855,204.88,87468,98.31,0.766,7.91,406229501.5,429199028.4,53047.17,
Lourdes,3527256,lourdense,ODECIO RODRIGUES DA SILVA,113.808,1950,17.11,1962,100,0.742,-,33423825.65,27202960.26,28430.83,
Louveira,3527306,louveirense,PAULO ALBERTO FINAMORE,55.989,51847,930.19,54865,98.19,0.777,8.31,747686052.9,751912529.9,388732.46,
Luc&eacute;lia,3527405,luceliense,TATIANA GUILHERMINO TAZIN&Aacute;ZZIO,314.81,20061,63.72,20378,98.32,0.752,12.9,109958819.7,97131586.44,29912.18,
Lucian&oacute;polis,3527504,lucianopolense,ADEMIR MANTOVANELLI,189.536,2372,12.51,2423,100,0.733,-,31414252.56,26905511.1,58454.61,
Lu&iacute;s Ant&ocirc;nio,3527603,lu&iacute;s-antoniense,RODRIGO MELLO MARQUES,598.257,12265,20.50,12564,99.62,0.731,7.19,137147369.2,133297317.5,194506.06,
Luizi&acirc;nia,3527702,luiziano,RAPHAEL SARAIVA BARRETO,166.576,4701,28.22,4740,97.49,0.702,-,44768476.8,36390316.73,25060.33,
Lup&eacute;rcio,3527801,lupercense,CLEBER MENEGUCCI,155.171,3981,25.66,4004,98.42,0.724,21.28,35942907.84,31216968.2,28948.47,
Lut&eacute;cia,3527900,luteciano,LAUDEMIR LEATI,475.226,2661,5.60,2697,100,0.720,-,37784905.54,33753675.18,50975.06,
Macatuba,3528007,macatubense,ANDERSON FERREIRA,224.514,16829,74.96,17140,99.73,0.770,32.43,135160991.7,133665619.4,41110.42,
Macaubal,3528106,macaubalense,ACACIO TARDOQUE FERREIRA,248.087,7481,30.15,7581,100,0.743,-,56021157.72,52149320.04,32754.73,
Maced&ocirc;nia,3528205,macedoniense,REGINALDO ELOY MARCOMINI DOS REIS,327.567,3963,12.10,4058,100,0.740,-,42645633.5,36987783.83,31226.22,
Magda,3528304,magdense,RODOLFO FERREIRA KAM&Aacute;,312.282,3165,10.14,3211,100,0.753,-,40692101.43,38741062.43,53380.36,
Mairinque,3528403,mairinquense,CARLOS EDUARDO THOMAZ PEDROSO,210.149,50027,238.05,51888,98.33,0.743,22.29,275756810.9,254820134.8,58437.71,
Mairipor&atilde;,3528502,mairiporense,WALID ALI HAMID,320.492,93853,292.65,97835,94.78,0.788,4.4,622595612.1,592584332.6,29484.21,
Manduri,3528601,mandurinense,PAULO ROBERTO MARTINS,229.046,9871,43.10,10122,100,0.739,11.11,66035439.52,57614967.33,36583.77,
Marab&aacute; Paulista,3528700,marabaense,APARECIDO NASCIMENTO SOBRAL,919.519,4573,4.97,4619,99.3,0.677,-,45361453.56,40843493.09,44099.67,
Maraca&iacute;,3528809,maracaiense,PAULO EDUARDO DA SILVA,533.498,12673,23.75,12804,99.28,0.771,16.13,109788671.6,96099828.75,82038.64,
Marapoama,3528858,marapoamense,LOUREN&Ccedil;O LORENCETI,111.267,3292,29.59,3415,100,0.752,21.74,40073221.05,35553620.65,49684.57,
Mari&aacute;polis,3528908,mariapolense,RICARDO MITSURO WATANABE,186.432,3513,18.83,3526,99.16,0.718,-,33065717.68,30427129.19,25691.6,
Mar&iacute;lia,3529005,mariliense,VINICIUS ALMEIDA CAMARINHA,1170.515,237627,203.01,247348,97.13,0.798,13.7,1576737777,1690071723,52635.31,
Marin&oacute;polis,3529104,marinopolense,EVALDO RIBEIRO,77.827,1860,23.90,1862,100,0.731,-,29505684.95,29890930.62,30303.55,
Martin&oacute;polis,3529203,martinopolense,VALDECI SOARES DOS SANTOS FILHO,1251.492,24881,19.85,25240,99.39,0.721,7.35,151035634.5,130326860.7,38158.28,
Mat&atilde;o,3529302,matonense,APARECIDO FERRARI,524.899,79033,150.57,81075,99.06,0.773,13.11,463498726.4,456819991.2,96754.27,
Mau&aacute;,3529401,mauaense,FRANCISCO MARCELO DE OLIVEIRA,62.034,418261,6753.01,429014,98.91,0.766,13.4,1853444660,1730325115,59773.04,
Mendon&ccedil;a,3529500,mendoncino,JULIANO SOUZA DE OLIVEIRA,195.151,6159,31.56,6420,100,0.744,-,66087894.21,56555336.5,96402.8,
Meridiano,3529609,meridianense,F&Aacute;BIO PASCHOALINOTO,228.199,4572,20.04,4721,99.56,0.731,-,53688727.56,50442246.88,95701.68,
Mes&oacute;polis,3529658,mesopolense,ALEX ROCHA PIMENTEL,148.636,1952,13.13,1990,100,0.724,-,34435079.07,30612582.95,55497.61,
Miguel&oacute;polis,3529708,miguelopense,JULIO FERREIRA DO CARMO,820.849,19441,23.68,19621,97.54,0.741,9.8,160849526.9,143975145.8,57255.19,
Mineiros do Tiet&ecirc;,3529807,mineiros-tieteense,LUIZ GUSTAVO FERRAREZ,213.242,11230,52.66,11322,99.59,0.730,16.95,65072801.62,59075603.29,27599.41,
Miracatu,3529906,miracatuense,VIN&Iacute;CIUS BRAND&Atilde;O DE QUEIROZ,1002.2,18553,18.53,18610,99.44,0.697,4.29,152276846.2,136376149.7,30228.35,
Mira Estrela,3530003,mira-estrelense,GLEICE APARECIDA CASTREQUINI,216.825,3126,14.42,3209,98.55,0.743,62.5,42448184.36,39459150.21,24708.95,
Mirand&oacute;polis,3530102,mirandopolense,EDERSON PANTALEAO DE SOUZA,917.692,27983,30.49,28754,99.36,0.751,8.97,158602220,142820586.6,34979.03,
Mirante do Paranapanema,3530201,mirantense,EDUARDO QUESADA PIAZZALUNGA,1238.931,15917,12.85,16031,100,0.724,7.46,126597756.6,127075411.6,40906.45,
Mirassol,3530300,mirassolense,EDSON ANTONIO ERMENEGILDO,243.228,63337,260.40,65811,98.92,0.762,9.04,352525595.7,296399290.5,52826.75,
Mirassol&acirc;ndia,3530409,mirassolandense,C&Eacute;LIA APARECIDA FIAMENGHI DOS SANTOS MATOS,166.125,4669,28.11,4783,95.96,0.738,-,39579634.76,33793333.75,80992.58,
Mococa,3530508,mocoquense,EDUARDO RIBEIRO BARISON,855.701,67681,79.14,69372,98.62,0.762,7.6,375116050.5,351264809,59315.81,
Mogi das Cruzes,3530607,mogiano,MARIA LUISA PICCOLOMINI BERTAIOLLI,712.532,451505,633.65,470302,97.1,0.783,15.51,2578829634,2699030159,57745.81,
Mogi Gua&ccedil;u,3530706,gua&ccedil;uano,RODRIGO FALSETTI,812.753,153658,189.06,160318,98.65,0.774,10.85,968896587.9,897069163.9,61395.03,
Mogi Mirim,3530805,mogi-miriano,PAULO DE OLIVEIRA E SILVA,497.709,92558,185.97,95742,98.51,0.784,9.67,771385522.4,723943201.1,87434.03,
Mombuca,3530904,mombucano,EVERTON TIAGO MORA PEDROSO,133.698,3722,27.84,3830,100,0.719,25,38834631.32,33835202.64,48143.1,
Mon&ccedil;&otilde;es,3531001,mon&ccedil;olense,DOUGLAS ANT&Ocirc;NIO HONORATO,104.352,1937,18.56,1947,100,0.772,-,41168845.67,33174590.54,40206.94,
Mongagu&aacute;,3531100,mongaguano,TERESA CRISTINA AGUIAR TOFANELLO WIAZOWSKI,142.521,61951,433.97,64845,97.58,0.754,16.49,442877045.6,395824310.7,24792.27,
Monte Alegre do Sul,3531209,monte-alegrense,JOSE RAFAEL VEZZAN,110.308,8627,78.21,8923,100,0.759,-,59730196.16,53623280.45,35302.58,
Monte Alto,3531308,monte-altense,MARIA HELENA AGUIAR RETTONDINI,346.95,47574,137.12,48758,100,0.768,7.11,280171723,264164793.3,64379.33,
Monte Apraz&iacute;vel,3531407,monte-aprazivelense,JO&Atilde;O ROBERTO CAMARGO,495.559,22280,44.96,22668,99.71,0.785,19.92,136543327.5,122886614,46613.99,
Monte Azul Paulista,3531506,monte-azulense,MARDQUEU SILVIO FRAN&Ccedil;A,263.463,18151,68.89,18337,99.38,0.753,10.81,153890111.6,158788793,52780.22,
Monte Castelo,3531605,monte-castelense,EDSON CARLOS OLIVEIRA DA SILVA,233.289,4222,18.08,4306,99.37,0.741,-,41973454.13,40939935.59,38357.93,
Monteiro Lobato,3531704,lobatense,EDMAR JOS&Eacute; DE ARAUJO,332.408,4138,12.44,4205,100,0.710,37.04,42654278.18,41986888.84,27523.2,
Monte Mor,3531803,monte-morense,MURILO ANT&Ocirc;NIO DE SOUSA RINALDO,240.566,64662,268.79,67832,96.57,0.733,13.4,415010598.5,387429294.9,93554.14,
Morro Agudo,3531902,morro-agudense,LEANDRO C&Eacute;SAR SILVA VALADARES,1388.127,27933,20.12,28521,99.35,0.712,12.05,249579668.4,243015179.6,70890.9,
Morungaba,3532009,morungabense,LUIS FERNANDO MIGUEL,146.752,13720,93.49,14147,97.61,0.715,22.35,108150240.7,93525663.36,55804.73,
Motuca,3532058,motuquense,FABIO DE MENEZES CHAVES,228.651,4034,17.64,4071,98.15,0.741,-,39598175.89,37380023.82,42396.42,
Murutinga do Sul,3532108,murutinguense,CRISTIANO ELEUT&Eacute;RIO SOARES DA SILVA,250.873,3737,14.90,3748,100,0.726,-,44469308.7,35730892.15,30365.02,
Nantes,3532157,nantense,MARLLON JAFFER ALBANO DE OLIVEIRA,286.444,2660,9.28,2697,98.61,0.714,-,42306220.82,35198868.06,71261.47,
Narandiba,3532207,narandibense,DANILLO CARVALHO DOS SANTOS,357.325,5713,15.99,5956,98.94,0.718,22.73,74578175.62,63589895.87,156845.2,
Natividade da Serra,3532306,nativense,EVAIL AUGUSTO DOS SANTOS,834.281,6999,8.40,7155,98.69,0.655,-,60063445.99,52924803.84,22778.21,
Nazar&eacute; Paulista,3532405,nazareano,AVANILDE APARECIDA GONZAGA CANEDO,326.392,18217,55.84,18675,99.64,0.678,19.32,144547971.1,115809908.7,32684.28,
Neves Paulista,3532504,nevense,NORIVAL DONIZETI ROSSALI,219.05,9699,44.28,9953,100,0.754,-,58782092.04,54205084.05,39652.71,
Nhandeara,3532603,nhandearense,ANTONIO MARQUES DO NASCIMENTO JUNIOR,436.159,9852,22.59,9915,100,0.751,12.05,75705056.66,78963964.46,51549.15,
Nipo&atilde;,3532702,nipoense,JOSE PEDRO RAMPIM,137.609,4750,34.52,4876,98.99,0.713,32.26,38310904.8,34237685.81,30888.28,
Nova Alian&ccedil;a,3532801,nova-aliancense,JURANDIR BARBOSA DE MORAIS,217.515,6693,30.77,6885,98.31,0.738,14.08,55935882.85,50695886.5,54010.23,
Nova Campina,3532827,nova campinense,ANTONIO ISAEL DE OLIVEIRA JUNIOR,385.375,8497,22.05,8630,98.61,0.651,8.4,74876662.65,65090433.45,30687.71,
Nova Cana&atilde; Paulista,3532843,novacanaense,THAIS CRISTINA COSTA MOREIRA,124.473,2032,16.32,2055,100,0.715,-,32440874.63,27993505.13,28135.96,
Nova Castilho,3532868,castilhense,MAICON GARCIA PIROLA,183.396,1062,5.79,1072,100,0.756,-,35472271.17,32814691.35,85901.61,
Nova Europa,3532900,nova-europense,LIDIANE LUIZE RODRIGUES,160.25,9311,58.10,9459,98.29,0.765,-,79278141.46,70839256.65,59757.23,
Nova Granada,3533007,granadense,LUIZ AUGUSTO SALVADOR,531.796,19419,36.52,19733,99.62,0.739,14.29,106442860.5,85090652.74,37712.6,
Nova Guataporanga,3533106,guataporanguense,JOSE MAURO LOURENCETTI,34.675,2156,63.12,2188,100,0.726,-,28618957.84,26412118.96,22008.84,
Nova Independ&ecirc;ncia,3533205,independentino,FERNANDO MACCHI SANTANA,265.028,4609,17.39,4847,100,0.735,-,64364321.9,54014126.08,62039.33,
Novais,3533254,novaense,PAULO CESAR DIAS PINHEIRO,117.772,4412,37.46,4463,100,0.719,-,82520160.42,71726688.23,23913.62,
Nova Luzit&acirc;nia,3533304,luzitaniense,MIGUEL JOS&Eacute; ARA&Uacute;JO JUNIOR,73.69,2837,38.43,2817,100,0.743,-,33354302.28,33539184.17,24702.07,
Nova Odessa,3533403,novaodessense,CL&Aacute;UDIO JOS&Eacute; SCHOODER,73.788,62019,840.50,64596,98.98,0.791,11.38,372874076,352150805.4,90509.31,
Novo Horizonte,3533502,novo-horizontino,FABIANO DE MELLO BELENTANI,931.743,38324,41.13,39494,99.36,0.753,14.78,272087061.7,233448058.2,60374.26,
Nuporanga,3533601,nuporanguense,DANIEL VIANA MELO,348.265,7391,21.22,7570,99.45,0.746,28.57,74878671.24,68209064.99,167167.74,
Ocau&ccedil;u,3533700,ocau&ccedil;uense,JO&Atilde;O BENEDITO COSTA E SILVA,301.036,4331,14.39,4418,100,0.717,32.26,41100211.7,35029617.52,37845.84,
&Oacute;leo,3533809,oleense,JORD&Atilde;O ANTONIO VIDOTTO,198.938,2512,12.63,2535,98.59,0.730,-,33238506.57,29039404.06,57010.97,
Ol&iacute;mpia,3533908,olimpiense,EUGENIO JOSE ZULIANI,802.393,55074,68.62,56874,97.62,0.773,7.52,491800282.9,498080281.5,64815.98,
Onda Verde,3534005,onda-verdense,NILSON NEVES DE SOUZA,242.946,4771,19.64,4942,99.48,0.738,37.04,54166768.52,45477200.89,77675.42,
Oriente,3534104,orientense,GERALDO MATHEUS MORIS,218.668,6085,27.83,6180,99.53,0.770,-,46153457.53,40392582.37,31894.61,
Orindi&uacute;va,3534203,orindiuvense,MIRELI CRISTINA LEITE RUVI&Eacute;RI MARTINS,247.378,6024,24.35,6157,100,0.767,-,70011465.76,65090533.35,137843.67,
Orl&acirc;ndia,3534302,orlandino,JORGE GABRIEL GRASI,291.765,38319,131.34,39144,99.57,0.780,13.73,285358532.2,321210899.7,84752.94,
Osasco,3534401,osasquense,GERSON DIAS PESSOA,64.999,728615,11217.40,759524,98.09,0.776,13.3,5415220757,5264464170,163878.12,
Oscar Bressane,3534500,bressanense,ANSELMO GIROTO,222.13,2470,11.12,2502,100,0.749,-,37455687.5,30834205.49,49959.23,
Osvaldo Cruz,3534609,osvaldo-cruzense,VERA LUCIA ALVES,248.038,31272,126.08,32112,100,0.762,-,159540033.7,139725857.9,51651.56,
Ourinhos,3534708,ourinhense,GUILHERME ANDREW GON&Ccedil;ALVES DA SILVA,295.818,103970,351.47,106911,99.27,0.778,14.05,967565733.4,946001667.6,47155.54,
Ouroeste,3534757,ouroestense,SEBASTI&Atilde;O CARLOS SILVA,288.648,10294,35.66,10660,99.51,0.770,19.61,126866371.7,104653439.5,65157.91,
Ouro Verde,3534807,ouro-verdense,JULIO CESAR DE MORI VECCHIATI,266.778,7779,29.16,7900,99.54,0.692,-,52366102.04,46894244.65,24025.09,
Pacaembu,3534906,pacaembuense,JOAO FRANCISCO MUGNAI NEVES,339.375,14877,43.84,15273,94.07,0.725,-,75776683.94,70960433.51,19173.47,
Palestina,3535002,palestinense,REINALDO APARECIDO DA CUNHA,697.701,11476,16.45,11704,100,0.732,-,95724252.08,81640757.53,52574.77,
Palmares Paulista,3535101,palmarense,LUCAS APARECIDO DA ASSUM&Ccedil;&Atilde;O,82.125,9650,117.50,9666,99.57,0.722,22.47,57713307.91,54436480.6,21725.02,
Palmeira d'Oeste,3535200,palmeirense,VALDIR SEMENSATI DE MORAES,318.696,8903,27.93,8971,100,0.753,-,54320632.61,54947574.79,34692.08,
Palmital,3535309,palmitalense,LUIS GUSTAVO MENDES MORAES,548.407,19594,35.73,19714,98.6,0.746,13.57,162031478.3,139599981.3,71746.79,
Panorama,3535408,panoramense,DANIEL GENOVA,356.05,14964,42.03,15227,99.27,0.722,12.12,91342014.85,83812173.47,26540.56,
Paragua&ccedil;u Paulista,3535507,paragua&ccedil;uense,ANTONIO TAKASHI SASADA,1001.492,41120,41.06,42049,100,0.762,20.98,315460879.2,284807095.6,76213.56,
Paraibuna,3535606,paraibunense,HELOISA ANTUNES DE FARIA SANTOS,809.576,17667,21.82,17959,96.75,0.719,-,155672055.1,132215971.5,23126.12,
Para&iacute;so,3535705,paraisense,OSVALTE JOSE BOVONI,155.186,6099,39.30,6218,100,0.749,17.86,74058452.13,71887359.8,71499.62,
Paranapanema,3535804,paranapanemense,RODOLFO HESSEL FANGANIELLO,1018.724,19395,19.04,19853,98.77,0.717,14.49,195066589.1,187809497.8,63034.16,
Paranapu&atilde;,3535903,paranapuense,DANIEL JUNIOR DURAN PINATTO,140.354,4031,28.72,4118,100,0.732,-,37937795.07,36020270.55,39854.31,
Parapu&atilde;,3536000,parapuense,MILTON MITIO IWAYAMA,366.676,10580,28.85,10720,100,0.737,-,76431436.52,67409340.74,108729.27,
Pardinho,3536109,pardinhense,CRISTIANO CAMARGO MOREIRA,208.223,7153,34.08,7435,99.33,0.727,-,68738324.88,60924421.09,72133.47,
Pariquera-A&ccedil;u,3536208,pariquerense,WAGNER BENTO DA COSTA,359.414,19233,53.51,19603,97.52,0.736,15.09,104369444.6,95315651.98,39156.5,
Parisi,3536257,parasiano,OCLAIR BAR&Atilde;O BENTO,84.737,2892,34.13,3030,100,0.721,-,39476878.59,31733189.28,23489.25,
Patroc&iacute;nio Paulista,3536307,patrocinense,M&Aacute;RIO MARCELO CARRARO BERTELLI,602.848,14512,24.07,14888,99.07,0.730,23.26,114076448.5,95908374.89,127481.55,
Paulic&eacute;ia,3536406,pauliceiense,ANTONIO SIMONATO,374.091,7955,21.26,8255,100,0.711,23.26,68145368.06,61182047.27,40527.21,
Paul&iacute;nia,3536505,paulinense,DANILO HENRIQUE MAC&Ecirc;DO DE BARROS,138.777,110537,796.51,116674,99.44,0.795,7.14,3226900496,2739224011,606740.73,
Paulist&acirc;nia,3536570,paulistaniense,LUIZ CARLOS MARQUES,256.178,2090,8.16,2156,98.82,0.718,-,37341160.23,31503548.47,35648.89,
Paulo de Faria,3536604,paulo-fariense,DIRCEU CASSIA FILHO,737.986,7400,10.03,7390,100,0.725,-,72283464.54,70006712.99,57587.27,
Pederneiras,3536703,pederneirense,IVANA MARIA BERTOLINI CAMARINHA,727.482,44827,61.62,46337,99.02,0.739,7.42,283381561.9,266273234.3,85672.05,
Pedra Bela,3536802,pedra-belense,VANDERLEI LOPES DA SILVA,158.588,6557,41.35,6745,100,0.677,12.99,40403448.62,39469197.68,22505.61,
Pedran&oacute;polis,3536901,pedranopolense,FAUSTO LUANO ROSA,260.101,2787,10.72,2856,98.84,0.742,-,37770702.32,30244844,41954.64,
Pedregulho,3537008,pedregulhense,CARLOS EDUARDO BARBOSA TEIXEIRA,712.604,15525,21.79,15737,98.87,0.715,5.05,116843901.2,100480374.8,91303.55,
Pedreira,3537107,pedreirense,F&Aacute;BIO VINICIUS POLIDORO,108.817,43112,396.19,44385,99.79,0.769,4.12,288052861.3,266218879.8,42152.8,
Pedrinhas Paulista,3537156,pedrinhense,FREDDIE COSTA NICOLAU,152.309,2804,18.41,2833,100,0.774,35.71,43750507.82,37908413.9,63469.02,
Pedro de Toledo,3537206,toledense,PAULO EDUARDO ALVES FERREIRA,672.83,11281,16.83,11617,98.54,0.696,20.2,75065557.14,71871182.69,18473.47,
Pen&aacute;polis,3537305,penapolense,CARLOS HENRIQUE ROSSI CATALANI,711.315,61679,86.71,63426,99.62,0.759,20.92,400285299.8,376472902.2,44475.1,
Pereira Barreto,3537404,pereira-barretense,HERM&Iacute;NIO BARBOSA KOMATSU,974.248,24095,24.73,24360,99.22,0.766,-,180235450.2,166333764.7,62081.74,
Pereiras,3537503,pereirense,OSMAR PASQUALINO RODRIGUES RAMOS JUNIOR,223.136,8737,39.16,9013,99.43,0.736,-,55119385,48935109.15,46979.86,
Peru&iacute;be,3537602,peruibense,FELIPE ANTONIO COLA&Ccedil;O BERNARDO,323.331,68352,209.53,70629,98.07,0.749,8.74,520384575.8,509730202.4,34629.51,
Piacatu,3537701,piacatuense,RICARDO FRANCISCO LEMES DA SILVA,232.488,5519,23.74,5631,99.53,0.732,-,46937957.26,40566777.67,29004.36,
Piedade,3537800,piedadense,GERALDO PINTO DE CAMARGO FILHO,746.903,52970,70.92,54266,98.17,0.716,11.06,264039800.3,238777663.6,34730.07,
Pilar do Sul,3537909,pilarense,CLAYTON ALVARO MACHADO,681.248,27619,40.54,28459,99.72,0.690,9.95,164319509.9,142407697.6,54411.6,
Pindamonhangaba,3538006,pindamonhangabense,RICARDO ALBERTO PEREIRA PIORINO,731.356,165428,226.19,172681,99.76,0.773,10.13,1029172463,989434178.1,82662.43,
Pindorama,3538105,pindoramense,GERALDO FELIPPE JUNIOR,184.825,14542,78.68,14704,99.74,0.737,-,103446617.9,90363663.98,50426.04,
Pinhalzinho,3538204,pinhalzinhense,SEBASTIAO ZANARDI,154.529,15224,98.52,15676,98.56,0.725,18.29,85671069.11,81326962.8,27351.87,
Piquerobi,3538303,piquerobiense,ADRIANA CRIVELLI BIFFE,482.769,3264,6.76,3287,100,0.711,-,41577367.13,33750631.21,30728.03,
Piquete,3538501,piquetense,ROMULO KAZIMIERZ LUSZCZYNSKI,175.996,12490,70.97,12516,98.48,0.757,9.43,70078047.12,61998079.02,18203.42,
Piracaia,3538600,piracaiense,ANDR&Eacute; HENRIQUE ROG&Eacute;RIO,385.64,26029,67.51,26795,98.03,0.739,9.58,200656218.6,176056811.6,30713.77,
Piracicaba,3538709,piracicabano,HELIO DONIZETE ZANATTA,1377.173,423323,307.19,440835,98.69,0.785,11.2,3268108366,3164798171,104770.09,
Piraju,3538808,pirajuense,CARLOS ALBERTO CAMARGO LIMA,504.591,29436,58.34,30294,99.24,0.758,6.92,167055541.2,150503228.3,36982.93,
Piraju&iacute;,3538907,pirajuiense,ROSALINA SONIA DOS SANTOS,823.758,22431,27.23,22734,99.65,0.749,5.52,141517156.1,135098502.6,32892.37,
Pirangi,3539004,piranginense,VANDERLEI ROBSON DE OLIVEIRA,215.809,10885,50.44,11085,100,0.756,-,71170365.78,65792699.58,49200.3,
Pirapora do Bom Jesus,3539103,piraporano,GREGORIO RODRIGUES PONTES MAGLIO,108.304,18370,169.33,18925,98.92,0.727,23.15,134128055.9,124248898.3,37741.62,
Pirapozinho,3539202,pirapozense,LUCAS PADOVAN DOS SANTOS PAVANI,477.673,25348,53.07,26097,100,0.776,4.15,149463929.6,130082387.5,55662.32,
Pirassununga,3539301,pirassununguense,FERNANDO LUBRECHET,727.714,73545,101.15,75594,99.12,0.801,15.77,449184055.8,410768249.2,58527.61,
Piratininga,3539400,piratiningano,CARLOS ALESSANDRO FRANCO BORRO DE MATOS,402.409,15108,37.54,15657,99.74,0.779,6.45,100409276,98192651.16,25791.29,
Pitangueiras,3539509,pitangueirense,DIMAS TADEU BOLZAN,430.638,33674,78.20,34361,99.76,0.723,14.96,236780399.2,226891399.3,54349.34,
Planalto,3539608,planaltense,ROSIMEIRE BARBOSA SILVERIO,289.825,4389,15.14,4451,100,0.719,-,55555732.97,47482270.19,75526.73,
Platina,3539707,platinense,DONIZETE APARECIDO FERREIRA DE LIMA,327.48,3025,9.24,3055,100,0.719,-,49381049,42313758.87,53026.63,
Po&aacute;,3539806,poaense,SAULO DE OLIVEIRA SOUZA,17.264,103765,6010.48,106355,99.39,0.771,11.21,550411210.1,495692981.9,44434.64,
Poloni,3539905,poloniense,ANDREIA LUZIA FACHINI BRAIT,135.119,5592,41.39,5702,98.72,0.766,-,45190363.27,39454555.1,35764.39,
Pomp&eacute;ia,3540002,pompeiano,DIOGO MONTEFUSCO CESCHIM SILVA,784.674,20196,25.74,20520,99.62,0.786,4.83,190815556.8,166796854,124235.74,
Ponga&iacute;,3540101,pongaiense,GILHIARD HENRIQUE DE BORTOLI,183.399,3395,18.51,3440,100,0.755,-,38348890.86,31273416.66,36636.29,
Pontal,3540200,pontalense,JOS&Eacute; CARLOS NEVES SILVA,356.371,37607,105.53,38286,97.14,0.725,12.82,225655316.5,214003521.1,57275.34,
Pontalinda,3540259,pantalindense,SISINIO DE OLIVEIRA LE&Atilde;O,209.504,4127,19.70,4198,99.14,0.702,-,49809520.36,34845432.88,31983.76,
Pontes Gestal,3540309,pontes-gestalense,MARCEL DIAS LEITE,217.505,2387,10.97,2411,98.42,0.732,-,47344183.48,45297361.34,63887.16,
Populina,3540408,populinense,JOAO CEZAR ROBLES BRANDINI,315.938,4127,13.06,4182,99.15,0.714,-,41866760.57,39903315.82,37808.91,
Porangaba,3540507,porangabense,JO&Atilde;O CARLOS ALVES BARROS,265.968,10451,39.34,10850,100,0.703,11.11,69561649.59,61590846.79,29585.64,
Porto Feliz,3540606,porto-felicense,C&Eacute;LIO PEIXOTO DOS SANTOS,556.706,56497,101.48,58605,99.19,0.758,14.21,556738393.8,521889577.7,89687.04,
Porto Ferreira,3540705,ferreirense,ANDRE LUIS ANCHAO BRAGA,245.327,52649,214.98,53966,99.53,0.751,1.88,346519798.5,353083048.1,58298.46,
Potim,3540754,potinense,EMERSON KIOGI TANAKA,44.644,20392,456.78,20801,99.64,0.697,-,99382102.92,89189317.83,17422.07,
Potirendaba,3540804,potirendabano,GISLAINE MONTANARI FRANZOTTI,342.492,18496,54.00,19097,99.82,0.747,-,142715318.2,134675221.3,54996.89,
Pracinha,3540853,pracinhense,LAERCIO BIASI,63.141,2578,40.89,2589,90.7,0.696,-,28698202.47,25969351.05,17068.01,
Prad&oacute;polis,3540903,pradopolense,SAULO EMMANUEL ATIQUE FILHO,164.386,17078,102.03,17299,97.5,0.733,6.02,142901241.5,127109009.8,85302.49,
Praia Grande,3541000,praia-grandense,ALBERTO PEREIRA MOUR&Atilde;O,149.652,349935,2338.32,368539,99.2,0.754,9.76,2754058096,2593454217,32567.89,
Prat&acirc;nia,3541059,pratino,OSMIR JOS&Eacute; F&Eacute;LIX,175.1,5126,29.27,5264,100,0.701,37.5,46294960.86,38066074.43,49288.83,
Presidente Alves,3541109,alvense,CRISTIANO DOS SANTOS,286.642,3804,13.27,3830,97.78,0.735,-,36359716.54,30364925.69,29698.1,
Presidente Bernardes,3541208,bernardense,CLEBERSON DUARTE DE SOUZA,749.234,14490,19.34,14803,98.22,0.757,21.98,95301128.07,79438706.36,24277.67,
Presidente Epit&aacute;cio,3541307,epitaciano,ANDR&Eacute; FERRAZ LIMA,1260.281,39505,31.35,40322,99.02,0.750,2.52,237926584.1,230661070.2,38520.75,
Presidente Prudente,3541406,prudentino,MILTON CARLOS DE MELLO,560.637,225668,402.52,234706,99,0.806,12.77,1228973859,1090536549,51480.93,
Presidente Venceslau,3541505,venceslauense,BARBARA MEDEIROS VILCHES,755.203,35201,46.61,35810,98.77,0.763,13.47,211861690.7,217904501.8,31143.95,
Promiss&atilde;o,3541604,promissense,HAMILTON LUIS FOZ,779.2,35131,45.09,35973,99.46,0.743,13.85,209403032.2,184927987.3,95348.29,
Quadra,3541653,quadrense,LHEONIDES DE OLIVEIRA ANDRADE,205.672,3405,16.56,3477,98.53,0.678,-,43324744.26,36291148.91,61662.37,
Quat&aacute;,3541703,quataense,M&Aacute;RCIO BID&Oacute;IA,651.341,13163,20.21,13412,98.72,0.738,8,105634674.6,106207761.4,82621.23,
Queiroz,3541802,queirozense,WALTER RODRIGO DA SILVA,234.914,3265,13.90,3366,99.16,0.715,-,59206701.73,52529497.91,335620.33,
Queluz,3541901,queluzense,JOS&Eacute; CELSO BUENO,249.356,9159,36.72,9074,98.76,0.722,-,82153076.27,74293504.75,52572.19,
Quintana,3542008,quintanense,FERNANDO ITAPU&Atilde; BRANCO NUNES,318.937,7038,22.07,7260,99.54,0.732,22.47,56474068.47,50132831.65,52812.76,
Rafard,3542107,rafardense,FABIO DOS SANTOS,121.645,8965,73.70,9145,99.14,0.745,10.42,74605976.86,73046920.31,66361.46,
Rancharia,3542206,ranchariense,HOMERO PINELLI SEVERO LINS,1591.148,28588,18.01,29387,98.34,0.751,2.92,202733959.8,174822511.2,69947.42,
Reden&ccedil;&atilde;o da Serra,3542305,rendencense,JUCIMAR FERREIRA DA SILVA,309.322,4494,14.52,4637,98.54,0.657,18.52,40381523.61,42681375.23,27160.37,
Regente Feij&oacute;,3542404,regentense,MARCO ANT&Ocirc;NIO PEREIRA DA ROCHA,263.426,20145,76.52,20620,99.73,0.768,8.7,133588540.1,126140527,64224.3,
Regin&oacute;polis,3542503,reginopolitano,JEFFERSON AUGUSTO RODRIGUES BUAVA,410.406,7662,18.67,7820,100,0.728,12.99,57213156.29,53067281.66,35322.95,
Registro,3542602,registrense,SAMUEL MOREIRA DA SILVA JUNIOR,722.201,59947,83.01,61927,99.18,0.754,17.76,343746305.8,321638959.9,48908.45,
Restinga,3542701,restinguense,FELIPE TALVANI SONTINI,245.746,6404,26.06,6486,98.03,0.705,12.99,53920047.6,49803657.45,48687.83,
Ribeira,3542800,ribeirense,ARI DO CARMOS SANTOS,335.759,3132,9.33,3158,99.18,0.698,29.41,39672274.39,33580399.63,19770.65,
Ribeir&atilde;o Bonito,3542909,ribeir&atilde;o-bonitense,PAULO ANTONIO GOBATO VEIGA,471.553,10989,23.30,11040,99.12,0.712,-,75749472.49,67797233.04,44958.97,
Ribeir&atilde;o Branco,3543006,ribeir&atilde;o-branquense,ANTONIO CARLOS CAMARGO RIBAS,697.5,18627,26.71,18942,98.66,0.639,13.04,107114105,95637489.21,34398.93,
Ribeir&atilde;o Corrente,3543105,ribeir&atilde;o-correntense,ANA LOURINETE COSTA L&Ocirc;BO MONTANHER,148.332,4608,31.07,4717,100,0.711,22.22,51928101.79,47969135.51,61322.58,
Ribeir&atilde;o do Sul,3543204,ribeir&atilde;o-sulense,ELIANA MARIA RORATO MANSO,203.208,4677,23.02,4776,99.64,0.747,-,44029086.46,39402112.7,69885.52,
Ribeir&atilde;o dos &Iacute;ndios,3543238,ribeirindio,VALDECI JOSE FERNANDES,196.467,2025,10.31,2040,99.36,0.721,-,31557001.26,26286158.31,27905.84,
Ribeir&atilde;o Grande,3543253,ribeir&atilde;o grandense,MARCELO LUIS NUNES,333.363,7450,22.35,7571,99.45,0.705,-,56114646.78,52411680.68,17083.07,
Ribeir&atilde;o Pires,3543303,ribeir&atilde;o-pirense,LUIZ GUSTAVO PINHEIRO VOLPI,98.972,115559,1167.59,118954,98.66,0.784,6.71,605600752.1,598291471.8,41997.84,
Ribeir&atilde;o Preto,3543402,ribeir&atilde;o-pretano,RICARDO AUGUSTO MACHADO DA SILVA,650.916,698642,1073.32,731639,97.56,0.800,12.8,4764888863,4690934888,74869.27,
Riversul,3543501,riversulense,MARCOS ROBERTO DOS SANTOS,385.878,5599,14.51,5628,99.06,0.664,13.7,48414832.83,41227687.95,21283.17,
Rifaina,3543600,rifainense,WILSON ALVES DA SILVA JUNIOR,162.508,4049,24.92,4179,99.13,0.740,44.44,63384356.01,60100654.78,57523.06,
Rinc&atilde;o,3543709,rinconense,BRAZ RODRIGUES,316.639,9098,28.73,9101,97.13,0.734,-,69037205.04,61443302.76,38133.31,
Rin&oacute;polis,3543808,rinopolense,GRAZIELA DE LIMA TOM&Eacute; TREVISAN,358.481,9259,25.83,9334,97.47,0.723,29.7,60072943.27,58141175.62,53534.92,
Rio Claro,3543907,rio-clarense,GUSTAVO RAMOS PERISSINOTTO,498.403,201418,404.11,210323,98.88,0.803,9.53,1440258259,1415463955,76592.54,
Rio das Pedras,3544004,rio-pedrense,MARCOS BUZETTO,226.729,31328,138.22,32329,98.87,0.759,2.92,184656288.4,183510658.5,65038.49,
Rio Grande da Serra,3544103,riogranserrense ou  serrano ou riogransense,RICARDO AKIRA ONO AURIANI,36.341,44170,1215.43,45324,99.03,0.749,8.6,174021528.1,176805265.2,26399.15,
Riol&acirc;ndia,3544202,riolandense,ANTONIO CARLOS SANTANA DA SILVA,631.897,10309,16.31,10444,99.26,0.703,9.8,94365143.23,81369732.54,37892.6,
Rosana,3544251,rosanense,CLAUDEMIR PERES FRANCISCO DE OLIVEIRA,742.762,17440,23.44,17434,100,0.764,20,151727674.5,131068810.5,88459.34,
Roseira,3544301,roseirense,FERNANDO AUGUSTO DE SIQUEIRA,129.847,10832,83.42,11137,98.62,0.737,8.93,78841930.04,75791528.38,41572.59,
Rubi&aacute;cea,3544400,rubiacense,J&Uacute;LIO C&Eacute;SAR FELISMINO,236.484,2700,11.42,2740,100,0.721,-,37067209.38,32966943.61,32843.95,
Rubin&eacute;ia,3544509,rubineiense,ALEX OLIVO,242.877,3833,15.78,3998,99.22,0.759,-,51583041.56,51955705.46,51234.59,
Sabino,3544608,sabinense,FERNANDO HENRIQUE FLORINDO,305.285,5112,16.75,5182,98.84,0.728,-,56040005.39,47893736.25,35842.05,
Sagres,3544707,sagrense,ROBERTO BATISTA PIRES,147.923,2474,16.72,2522,99.52,0.730,41.67,30113697.47,24573714.31,29355.47,
Sales,3544806,salense,JOSEMAR FRANCISCO DE ABREU,308.555,6437,20.86,6645,98.27,0.751,-,61978499.65,59576073.17,41359.93,
Sales Oliveira,3544905,salense,M&Ocirc;NICA DA SILVA FAVARIM,305.776,11411,37.32,11683,98.18,0.772,-,86834450.5,85138337.1,46399.47,
Sales&oacute;polis,3545001,salesopolense,RODOLFO RODRIGUES MARCONDES,424.997,15202,35.77,15381,99.25,0.732,5.59,118207549.4,108671455.8,20456.86,
Salmour&atilde;o,3545100,salmourense,S&Ocirc;NIA CRISTINA JACON GABAU,172.934,4808,27.80,4883,98.84,0.719,-,39925534.82,35884012.99,23881.77,
Saltinho,3545159,saltinhense,HELIO FRANZOL BERNARDINO,99.924,8161,81.82,8407,100,0.791,12.5,64788122.18,57404507.11,57755.46,
Salto,3545209,saltense,JOS&Eacute; GERALDO GARCIA,133.057,134319,1009.48,141111,97.86,0.780,18.38,779578234.5,725373885.7,85609.32,
Salto de Pirapora,3545308,saltopiraporense,MATHEUS MARUM DE CAMPOS,280.412,43748,156.01,45262,98.98,0.729,13.46,288514357.4,268328757.8,65292.48,
Salto Grande,3545407,salto-grandense,MARIO LUCIANO ROSA,188.441,9050,48.03,9221,99.53,0.704,-,70192039.15,61412636.74,43638.44,
Sandovalina,3545506,sandovalino ou sandovalinense,MARCOS MENDES DA SILVA,455.856,3645,8.00,3697,100,0.709,-,63257668.79,51644030.22,125092.51,
Santa Ad&eacute;lia,3545605,santa-adeliense,CIRO CESAR COSTA,330.269,14018,42.44,14193,98.61,0.760,14.49,94176460.47,91705790.01,39972.82,
Santa Albertina,3545704,santa-albertinense,GERSON FORMIGONI JUNIOR,272.692,6393,23.44,6566,97.76,0.728,28.99,55066157.4,51040081.6,52228.53,
Santa B&aacute;rbara d'Oeste,3545803,barbarense,RAFAEL PIOVEZAN,271.03,183347,676.48,189456,99,0.781,10.15,974166419.1,971781509.1,58926.47,
Santa Branca,3546009,santa-branquense,ADRIANO MARCHESANI LEVORIN,272.238,13975,51.33,14219,99.32,0.735,13.07,93989739.43,86943193.17,25585.43,
Santa Clara d'Oeste,3546108,santa-clarense,JOS&Eacute; BASILIO DE FARIA,183.458,2598,14.16,2694,100,0.733,-,45204576.52,40581100.74,50251.28,
Santa Cruz da Concei&ccedil;&atilde;o,3546207,santa-cruzense,CARLOS EDUARDO ARANHA DE ALBUQUERQUE,150.13,4277,28.49,4375,100,0.790,-,48830966.61,42149705.61,46876.24,
Santa Cruz da Esperan&ccedil;a,3546256,santacruzense,MARCOS ANTONIO BAZILIO,148.062,2116,14.29,2168,100,0.743,-,33434806.68,32265321.81,47948.44,
Santa Cruz das Palmeiras,3546306,palmeirense,LUIZ FERNANDO STOCCO,295.33,28864,97.73,29489,99.18,0.728,14.62,146994091.3,132571705.5,27334.33,
Santa Cruz do Rio Pardo,3546405,santa-cruzense,OTACILIO PARRAS ASSIS,1114.747,46442,41.66,47759,97.48,0.762,8.99,330103796.2,309997844.6,93015.43,
Santa Ernestina,3546504,santa-ernestinense,JOS&Eacute; CARLOS SIM&Atilde;O,134.421,6118,45.51,6274,99.62,0.738,-,43266982.71,34545185.45,24869.98,
Santa F&eacute; do Sul,3546603,santa-f&eacute;-sulense,EVANDRO FARIAS MURA,206.537,34794,168.46,36288,99.67,0.784,8.31,317688881.4,328003436.9,57161.58,
Santa Gertrudes,3546702,santa-gertrudense,LAZARO NOE DA SILVA,98.045,23611,240.22,23192,98.17,0.737,3.32,264772826.6,217270886.6,151126.89,
Santa Isabel,3546801,isabelense,CARLOS AUGUSTO CHINCHILLA ALFONZO,362.875,53174,146.35,54691,99.7,0.738,1.7,296204858.9,280022357.8,43217.76,
Santa L&uacute;cia,3546900,santa-luciense,ANTONIO CARLOS ABUABUD JUNIOR,153.86,7149,46.46,7144,98.82,0.737,-,43006290,38267533.55,25928.44,
Santa Maria da Serra,3547007,serrense,JOSIAS ZANI NETO,252.621,5243,20.75,5308,99.03,0.686,15.38,47019282.85,45327605.85,37720.59,
Santa Mercedes,3547106,mercedense,VALDIR VERONA,166.884,2956,17.73,3017,100,0.739,22.22,34726572,29892900.5,32903.3,
Santana da Ponte Pensa,3547205,santanense-da-ponte-pensa,VAGNER HERNANDES,129.888,1670,12.86,1699,100,0.773,-,33730807.15,28972382,33997.76,
Santana de Parna&iacute;ba,3547304,parnaibano,ELVIS LEONARDO CEZAR,179.89,154105,856.38,163787,98.72,0.814,7.85,1812308985,1591855402,92978.15,
Santa Rita d'Oeste,3547403,santa-ritense,OSMAR SAMPAIO,209.8,2733,13.03,2796,99.3,0.761,142.86,34214573.3,28355716.5,38611.56,
Santa Rita do Passa Quatro,3547502,santa-ritense,MARCELO SIMAO,752.911,24833,32.93,24996,98.83,0.775,9.85,174931219,167006391.6,39954.08,
Santa Rosa de Viterbo,3547601,santa-rosense,OMAR NAGIB MOUSSA,288.576,23411,81.13,23710,98.22,0.770,4.98,132167966.7,119233695.1,48352.85,
Santa Salete,3547650,saletense,J&Uacute;LIO CESAR MARTINS MILIATTI,79.192,1645,20.77,1692,99.04,0.772,-,29434130.52,24671445.81,40206.39,
Santo Anast&aacute;cio,3547700,anastaciano,LUIZ INFANTE,552.876,17963,32.49,17960,95.18,0.753,10.87,101593387.7,87260943.13,35098.41,
Santo Andr&eacute;,3547809,andreense,GILVAN FERREIRA DE SOUZA JUNIOR,175.801,748919,4260.50,782048,98.25,0.815,8.4,4351170371,4529441326,49312.88,
Santo Ant&ocirc;nio da Alegria,3547908,alegriense,DENILSON DE CARVALHO,310.311,6775,21.83,6933,99.63,0.702,-,58731831.28,51551420.26,41761.9,
Santo Ant&ocirc;nio de Posse,3548005,possense,JOS&Eacute; RICARDO CORTEZ,154.133,23244,150.80,23867,99.65,0.702,14.39,190234541.2,178636583.2,92363.18,
Santo Ant&ocirc;nio do Aracangu&aacute;,3548054,aracanguaense,LUIZ CARLOS DOS REIS NONATO,1308.889,8379,6.40,8593,100,0.757,26.32,96878944.02,83842093.04,45377.66,
Santo Ant&ocirc;nio do Jardim,3548104,jardinense,OSVALDO MOREIRA,109.956,6126,55.71,6243,100,0.714,15.63,43532928.03,39125912.22,41420.69,
Santo Ant&ocirc;nio do Pinhal,3548203,pinhalense,ANDERSON JOSE MENDON&Ccedil;A,132.966,7133,53.63,7314,100,0.706,10.64,61437977.34,56618025.29,26881.74,
Santo Expedito,3548302,expeditense,ANDERSON JOSE BETIO,94.465,3000,31.76,3069,100,0.732,32.26,28989293.27,26899314.76,20085.22,
Sant&oacute;polis do Aguape&iacute;,3548401,santopolitano,GERSON ALVES DE LIMA JUNIOR,128.026,3899,30.45,3921,100,0.740,-,40854018.61,41978631.1,25083.83,
Santos,3548500,santista,ROG&Eacute;RIO PEREIRA DOS SANTOS,281.033,418608,1489.53,429547,97.71,0.840,8.04,5188075859,5171875879,73963.51,
S&atilde;o Bento do Sapuca&iacute;,3548609,sambentista,GILBERTO DONIZETI DE SOUZA,252.579,11674,46.22,11989,99.37,0.720,38.1,72112335.58,61146175.19,30389.59,
S&atilde;o Bernardo do Campo,3548708,s&atilde;o-bernardense,MARCELO DE LIMA FERNANDES,408.234,810729,1979.65,841154,98.25,0.805,8.7,6713152433,6585201422,88766.77,
S&atilde;o Caetano do Sul,3548807,sul-caetanense,ANACLETO CAMPANELLA JUNIOR,15.421,165655,10805.23,172693,98.51,0.862,4.46,2759824131,2734922612,136147.1,
S&atilde;o Carlos,3548906,s&atilde;o-carlense,ANTONIO DONATO NETTO,1136.907,254857,224.17,266427,98.79,0.805,11.78,1633952079,1685839654,72146.03,
S&atilde;o Francisco,3549003,s&atilde;o-francisquense,SEBASTI&Atilde;O DE OLIVEIRA BAPTISTA,75.579,2602,34.43,2623,100,0.723,-,30803574.83,31239102.79,22888.57,
S&atilde;o Jo&atilde;o da Boa Vista,3549102,s&atilde;o-joanense,VANDERLEI BORGES DE CARVALHO,516.399,92547,179.22,96080,99.19,0.797,7.54,676280497.3,684037089,54147.42,
S&atilde;o Jo&atilde;o das Duas Pontes,3549201,s&atilde;o-joanense,JOS&Eacute; CARLOS BARUCI J&Uacute;NIOR,129.462,2580,19.93,2623,100,0.720,30.3,31449480.77,29822485.84,28183.53,
S&atilde;o Jo&atilde;o de Iracema,3549250,iracemense,LUIZ AUGUSTO TORRES,178.396,1846,10.35,1882,100,0.748,-,34900530.99,31427445.58,37710.97,
S&atilde;o Jo&atilde;o do Pau d'Alho,3549300,s&atilde;o-joanense,LUCAS DE OLIVEIRA BARBOSA,117.514,2242,19.05,2293,100,0.750,-,29900137.52,25106924.46,37188.42,
S&atilde;o Joaquim da Barra,3549409,joaquinense,WAGNER JOSE SCHMIDT,410.863,48558,118.19,49885,99.04,0.762,7.09,286861037.9,261552160.1,56299.4,
S&atilde;o Jos&eacute; da Bela Vista,3549508,bela-vistense,WALTER C&Aacute;SSIO CARVALHO FACCIROLLI,276.952,7626,27.54,7664,98.65,0.693,-,51919148.19,49609364.14,44062.66,
S&atilde;o Jos&eacute; do Barreiro,3549607,barreirense,LUIS EDUARDO SANTOS RIBEIRO,570.604,3853,6.75,3888,98.61,0.684,48.78,53143007.65,44082801.21,20906.6,
S&atilde;o Jos&eacute; do Rio Pardo,3549706,rio-pardense,MARCIO CALLEGARI ZANETTI,419.729,52205,124.39,53427,98.92,0.774,9.62,339878777.9,370372919.9,55109.14,
S&atilde;o Jos&eacute; do Rio Preto,3549805,rio-pretense,F&Aacute;BIO ROG&Eacute;RIO CANDIDO,431.944,480393,1112.17,504166,98.39,0.797,9.06,3281046949,3157201623,54934.44,
S&atilde;o Jos&eacute; dos Campos,3549904,joseense,ANDERSON FARIAS FERREIRA,1099.494,697054,634.03,727078,99.09,0.807,9.77,4806703589,4887415434,88077.14,
S&atilde;o Louren&ccedil;o da Serra,3549953,s&atilde;o-lourensano,FELIPE GEFERSON SEME AMED,186.353,16067,86.17,16479,99.1,0.728,31.45,94949111.97,86082220.52,21542,
S&atilde;o Luiz do Paraitinga,3550001,luizense,ALEX EUZ&Eacute;BIO TORRES,618.126,10337,16.75,10487,100,0.697,29.7,71461717.03,67594214.44,24434.47,
S&atilde;o Manuel,3550100,s&atilde;o-manuelense,ODIRLEI JOS&Eacute; F&Eacute;LIX,650.734,37289,57.30,38131,98.99,0.744,15.11,234708957.8,234781233.2,50681.9,
S&atilde;o Miguel Arcanjo,3550209,s&atilde;o-miguelense,ELIAS RODRIGUES DE PAULA,930.339,32039,34.44,32924,99.01,0.710,22.22,165139463.7,144337850,36134.91,
S&atilde;o Paulo,3550308,paulistano,RICARDO LUIS REIS NUNES,1522.683,11451999,7528.26,11904961,97.72,0.805,10.99,1.09712E+11,1.23909E+11,93156.23,
S&atilde;o Pedro,3550407,s&atilde;o-pedrense,THIAGO SILVERIO DA SILVA,611.51,38256,62.58,39855,99.35,0.755,7.65,253060348.1,229120852.7,32496.26,
S&atilde;o Pedro do Turvo,3550506,s&atilde;o-pedrense,LUIZ FELIPE DE CASTRO TAVARES,731.221,7217,9.87,7333,98.57,0.703,-,68889005.38,58498422.6,54584.51,
S&atilde;o Roque,3550605,s&atilde;o-roquense,MARCOS AUGUSTO ISSA HENRIQUES DE ARA&Uacute;JO,306.899,79484,258.98,81366,97.99,0.768,9.21,585529437.3,566703384.2,57024.9,
S&atilde;o Sebasti&atilde;o,3550704,sebastianense,REINALDO ALVES MOREIRA FILHO,402.395,81595,202.77,84280,98.9,0.772,11.74,1646871455,2275810682,213255.95,
S&atilde;o Sebasti&atilde;o da Grama,3550803,gramense,JOS&Eacute; FRANCISCO MARTHA,252.41,10441,41.37,10428,98.06,0.701,12.5,66431401.98,59212981.41,46152.32,
S&atilde;o Sim&atilde;o,3550902,simonense,IZAIAS LEAO DE SOUZA,617.252,13442,21.78,13560,100,0.766,7.94,102276638.8,89749191.48,48213.92,
S&atilde;o Vicente,3551009,vicentino,KAYO FELYPE NACHTAJLER AMADO,147.774,329911,2226.86,338326,98.08,0.768,13.93,1652092492,1788500395,22474.72,
Sarapu&iacute;,3551108,sarapuiano,GUSTAVO DE SOUZA BARROS VIEIRA,352.592,10369,29.41,10677,98.98,0.707,-,71626936.1,63920225.99,26051.05,
Sarutai&aacute;,3551207,sarutaiano,JO&Atilde;O ANTONIO FULONI,141.608,3704,26.16,3772,97.22,0.688,-,42257210.19,36046762.77,31218.87,
Sebastian&oacute;polis do Sul,3551306,sebastianopolense,JOSE ANTONIO ABREU DO VALLE,167.848,3130,18.65,3191,100,0.773,-,57358445.41,52802784.15,145220.93,
Serra Azul,3551405,serra-azulense,DEBORA CRISTINA RIBEIRO DA SILVA,283.144,12746,45.02,13108,99.5,0.686,9.43,66188725.6,57087050.5,21127.94,
Serrana,3551504,serranense,LEONARDO CARESSATO CAPITELI,126.046,43909,348.36,45580,99.08,0.729,15.71,253280211.2,241221168.1,33126.12,
Serra Negra,3551603,serrano ou serra-negrense,ELMIR KALIL ABI CHEDID,204.542,29894,146.73,31047,98.5,0.767,3.94,201139844,212963032.6,34288.07,
Sert&atilde;ozinho,3551702,sertanezino,JOS&Eacute; ALBERTO GIMENEZ,403.089,126887,314.79,132176,99.18,0.761,19.43,957932105,864866651.1,71520.47,
Sete Barras,3551801,barrense,ITALO DONIZETH COSTA ROBERTO,1062.699,12730,11.98,12903,99.83,0.673,11.49,88924072.34,83000458.68,36280.39,
Sever&iacute;nia,3551900,severinense,GUILHERME AUGUSTO DE ALMEIDA SECCHIERI,140.46,14576,103.77,14693,99.59,0.715,26.49,105794500.1,98239177.83,23366.94,
Silveiras,3552007,silveirense,EDSON MENDES MOTA,415.038,6186,14.91,6329,99.52,0.678,12.66,53258555.73,47481639.48,18795.04,
Socorro,3552106,socorrense,MAURICIO DE OLIVEIRA SANTOS,448.894,40122,89.35,41527,97.22,0.729,15.67,224074422.7,208702739.8,36122.34,
Sorocaba,3552205,sorocabano,RODRIGO MAGANHATO,449.872,723682,1608.64,762172,98.66,0.798,10.86,5186769031,5261275982,81273.66,
Sud Mennucci,3552304,sud-mennucciano,JOS&Eacute; URBINO DOS SANTOS NETO,594.543,7355,12.37,7464,99.61,0.747,11.24,75948353.98,67624589.06,41169.36,
Sumar&eacute;,3552403,sumareense,HENRIQUE STEIN SCIASCIO,153.465,279545,1821.56,291116,98.62,0.762,10.21,1344423901,1254248871,68060.93,
Suzano,3552502,suzanense,PEDRO CHARLES SHIRAKAWA ISHI,206.236,307429,1490.67,320261,99.18,0.765,12.18,1582070486,1399883716,60562.59,
Suzan&aacute;polis,3552551,suzanapolense,GERSO ANTONIO DE OLIVEIRA,330.587,3408,10.31,3465,98.55,0.699,-,53112540.56,44145580.06,150089.22,
Tabapu&atilde;,3552601,tabapu&atilde;nense,SILVIO CESAR SARTORELLO,346.692,11323,32.75,11498,99.6,0.735,17.86,82520160.42,71726688.23,35122.41,
Tabatinga,3552700,tabatinguense,VALTER VALENTIM CAMARGO,368.604,14769,40.07,14997,98.12,0.704,-,98799054.92,96002839.82,34691.68,
Tabo&atilde;o da Serra,3552809,taboanense,DANIEL PLANA BOGALHO,20.371,273542,13416.81,285307,98.55,0.769,10.62,1197684225,1400206553,44176.69,
Taciba,3552908,tacibense,IZIDORO ARCESTI RICCI,606.755,6260,10.31,6418,100,0.723,22.47,68275237.2,54404060.38,38672.71,
Tagua&iacute;,3553005,tagua&iacute;no,EDER CARLOS FOGA&Ccedil;A DA CRUZ,145.332,12669,87.17,13068,97.6,0.709,5.46,80371730.96,73999422.92,32310.01,
Taia&ccedil;u,3553104,taia&ccedil;uense,SUELI APARECIDA MENDES BIANCARDI,107.059,5677,53.03,5744,98.99,0.710,-,45135375.77,38524672.51,27415.94,
Tai&uacute;va,3553203,taiuvense,MAURO VICENTE BERSI,132.459,6548,49.43,6770,100,0.760,-,45888700.32,38543370.85,28765.02,
Tamba&uacute;,3553302,tambauense,LEONARDO TEIXEIRA SPIGA REAL,561.788,21435,38.15,21650,98.1,0.731,-,154659932.3,137522949.1,45099.8,
Tanabi,3553401,tanabiense,ALEXANDRE SILVEIRA BERTOLINI,747.218,25265,33.81,26071,99.55,0.748,11.41,166442577.8,147054758.9,63030.55,
Tapira&iacute;,3553500,tapiraiense,ARALDO TODESCO,754.421,7996,10.59,8122,99.57,0.681,-,56729385.87,54111609.02,28008.3,
Tapiratiba,3553609,tapiratibense,RAMON JESUS VIEIRA,220.518,11816,53.25,11903,100,0.751,18.52,79091494.85,73815275.17,30353.14,
Taquaral,3553658,taquaralense,ARI FERNANDO JACINTO,53.892,2619,48.60,2649,100,0.759,35.71,32844878.22,26780583.29,35274.07,
Taquaritinga,3553708,taquaritinguense,FULVIO ZUPPANI,594.335,52260,87.93,53264,98.9,0.748,18.07,313382907.3,310397997,44147.43,
Taquarituba,3553807,taquaritubense,&Eacute;DER MIANO PEREIRA,448.515,24350,54.29,24932,98.67,0.701,6.99,168841133.3,164637485.9,52529.9,
Taquariva&iacute;,3553856,taquarivaiense,RUBENS CARLOS SOUTO DE BARROS,231.792,6876,29.66,7170,98.97,0.679,-,59688606.24,52705809.94,62974.66,
Tarabai,3553906,tarabaiense,RUBENS PINAFFI JUNIOR,201.385,6536,32.46,6633,99.6,0.726,24.1,53222329.57,47621941.86,28636.92,
Tarum&atilde;,3553955,tarumaense,ADRIANA BALEJO PIEDADE DA SILVA,302.913,14882,49.13,15315,99.74,0.753,22.73,131654687.6,118506374.6,77481.72,
Tatu&iacute;,3554003,tatuiano,MIGUEL LOPES CARDOSO JUNIOR,523.749,123942,236.64,129130,98.21,0.752,13.99,696109787.4,662201429.9,54739.59,
Taubat&eacute;,3554102,taubateano,SERGIO LUIZ VICTOR JUNIOR,624.924,310739,497.18,322397,98.68,0.800,12.04,1899745781,2071062723,72754.95,
Tejup&aacute;,3554201,tejupaense,VALTER BORANELLI,296.189,4127,13.93,4119,98.79,0.668,-,43565685.17,35659100.93,82657.46,
Teodoro Sampaio,3554300,teodorense,CLAUDIO EVANGELISTA DA SILVA JUNIOR,1559.776,22173,14.25,22598,100,0.741,14.39,144425066.5,130179768.8,37106.4,
Terra Roxa,3554409,terra-roxense,ROGERIO RAFAEL FURLINI,221.54,7904,35.68,7965,100,0.749,21.05,51458624.45,47844356.52,30038.74,
Tiet&ecirc;,3554508,tieteense,JOS&Eacute; CARLOS REGONHA JUNIOR,405.034,37663,93.13,38723,96.59,0.778,11.71,266676473.8,239083438.7,78457.58,
Timburi,3554607,timburiense,CRISTIANO DA CUNHA AMORIM,196.79,2464,12.52,2484,100,0.710,-,37843767.59,35349248.8,32576.16,
Torre de Pedra,3554656,torrepedrense,CIRO LUIZ PEDROSO,71.506,2046,28.68,2056,100,0.714,-,31237507.4,26384327.46,21547.77,
Torrinha,3554706,torrinhense,ARI RODOLFO BUZATO,315.267,9335,29.61,9484,99.51,0.744,12.2,67554686.72,59197932.91,40715.08,
Trabiju,3554755,trabijuense,MARCELO RODRIGUES FONSECA,63.421,1682,26.52,1724,100,0.722,-,27881787.43,23164488.85,39619.92,
Trememb&eacute;,3554805,tremembeense,CLEMENTE ANTONIO DE LIMA NETO,190.93,51173,267.79,53426,99.34,0.785,11.63,249014720,216511249.4,21334.89,
Tr&ecirc;s Fronteiras,3554904,trifonteirano,FL&Aacute;VIO LUIZ RENDA DE OLIVEIRA,151.594,6804,44.88,7060,100,0.753,46.15,43216113.91,40296093.8,22854.9,
Tuiuti,3554953,tuiutiense,ALEXANDRE TADEU GON&Ccedil;ALVES,126.731,6778,53.48,6976,100,0.728,-,44360992.74,35808668.27,35361.76,
Tup&atilde;,3555000,tup&atilde;ense,RENAN VICTOR PONTELLI,627.986,63928,101.80,65433,99.76,0.771,6.23,362353998.1,347767171.6,48934.77,
Tupi Paulista,3555109,tupiense,JULIANO VIGILATO GUIRO,244.663,15854,64.77,16259,100,0.769,29.63,89255720.22,84148237.6,28190.85,
Turi&uacute;ba,3555208,turiubano,JORGE AUGUSTO MOLINA,153.492,1818,11.86,1835,100,0.751,-,39625031.18,33126664.38,48455.04,
Turmalina,3555307,turmalinense,PRISCILLA TATIANA DIAS MASSONI,147.797,1669,11.29,1662,98.05,0.736,-,34199345.76,31887278.24,60051.58,
Ubarana,3555356,ubaranense,VANDERLEI RODRIGUES DA CRUZ,209.861,5365,25.56,5458,99.57,0.700,16.39,58361532.56,51146832.21,55684.23,
Ubatuba,3555406,ubatubano,FLAVIA COMITTE DO NASCIMENTO,708.246,92981,131.31,97096,98.38,0.751,14.06,758915655.9,767763652.7,37716.51,
Ubirajara,3555505,ubirajarense,LEILA ALVIM BORDIM,282.179,5132,18.19,5289,99.3,0.727,53.57,44225819.7,38501835.74,39171.13,
Uchoa,3555604,uchoense,JOS&Eacute; CLAUDIO MARTINS,256.982,10394,41.18,10670,98.89,0.721,10.87,78984378.37,76836386.29,50204.3,
Uni&atilde;o Paulista,3555703,uni&atilde;o-paulistense,KENDREA ALVES PAPILE CAVAT&Atilde;O,79.056,1603,20.28,1628,100,0.749,-,31777578.18,29844094.66,45067.96,
Ur&acirc;nia,3555802,uraniense,APARECIDO FAZZIO,209.262,8833,42.21,8973,100,0.746,20.83,50557382.53,49183901.01,41505.75,
Uru,3555901,uruense,ROBSON EDUARDO FORTE,146.901,1387,9.44,1424,98.98,0.712,-,31729593.42,25909024.71,48125.22,
Urup&ecirc;s,3556008,urupeense,ROBERTO CACCIARI FILHO,323.916,13744,42.43,14073,98.64,0.745,24.39,99988088.55,89898587.35,47084.91,
Valentim Gentil,3556107,valentim-gentilense,CLAUDINEI CARVASSAN RODRIGUES,149.741,14098,94.15,14634,99.62,0.735,25.16,91230750.97,79932871.44,40122.94,
Valinhos,3556206,valinhense,FRANKLIN DUARTE DE LIMA,148.72,126373,850.78,132258,99.2,0.819,4.8,1193806483,1123338349,80718.99,
Valpara&iacute;so,3556305,valparaisense,CARLOS ALEXANDRE PEREIRA,857.661,24241,28.26,24779,97.8,0.725,12.35,179525925.2,164488038,58864.2,
Vargem,3556354,vargense,LEODECIO ALVES DE LIMA,142.595,10512,73.72,10863,98.5,0.699,22.9,71478432.01,65391803.03,21119.9,
Vargem Grande do Sul,3556404,vargem-grandense,CELSO LUIS RIBEIRO,267.178,40133,150.21,41256,92.49,0.737,4.04,257623229.5,267114687.6,35672.43,
Vargem Grande Paulista,3556453,vargem-grandense,PITER APARECIDO DOS SANTOS,42.489,50415,1186.54,52352,99.44,0.770,17.65,330798638,297907338.8,69905.64,
V&aacute;rzea Paulista,3556503,varzino,RODOLFO WILSON RODRIGUES BRAGA,35.048,115771,3296.44,119655,95.6,0.759,14.62,560197235.3,513935928.9,40908.88,
Vera Cruz,3556602,vera-cruzense,RODOLFO SILVA DAVOLI,247.716,10176,41.08,10274,99,0.754,34.09,65511066.22,65617719.73,29756.74,
Vinhedo,3556701,vinhedense,DARIO PACHECO DE MORAIS,80.208,76540,945.52,79089,98.85,0.817,6.35,1052107691,996046008.8,192052.06,
Viradouro,3556800,viradourense,NILTON AUGUSTO ALVES FILHO,217.726,17414,79.98,17685,99.65,0.739,-,146397905.2,128184365.2,32378.31,
Vista Alegre do Alto,3556909,vista-alegrense,NELSON ANTONIO ROZANI,95.429,8109,84.97,8368,100,0.744,10.87,69193586.64,62391758.77,87056.5,
Vit&oacute;ria Brasil,3556958,vitoriabrasiliense,PAULO HENRIQUE MIOTTO,49.832,1794,36.00,1828,100,0.725,-,28525618.55,23844275.85,35942.63,
Votorantim,3557006,votorantinense,WEBER MAGANHATO JUNIOR,184.186,127923,694.53,133510,98.58,0.767,14.65,653005119,770176830.4,40724.92,
Votuporanga,3557105,votuporanguense,JORGE AUGUSTO SEBA,420.703,96634,229.70,100568,98.32,0.790,9.62,646686502.9,547566546.7,47418.12,
Zacarias,3557154,zacariense,HEDER JEAN BRUNO DE OLIVEIRA,319.056,2692,8.44,2773,99.65,0.729,-,55781324.55,41167216.12,65959.25,
Chavantes,3557204,chavantense,LUIZ FILIPE DE PAULA JACINTO,188.727,12211,64.70,12415,98.47,0.729,7.41,75415988.22,68544054.11,39081.16,
Estiva Gerbi,3557303,estivense,MARCIO ROBERTO PAVAN,74.144,11295,152.34,11609,98.94,0.740,7.75,94700600.58,85029540.54,47119.25,

"<table class=""fontes-container""><tr><th>Notas:</th></tr><tr><td>Escolariza&ccedil;&atilde;o <span>6 a 14 anos</span>: [população residente no município de 6 a 14 anos de idade matriculada no ensino regular/total de população residente no município de 6 a 14 anos de idade] x 100</td></tr><tr><th>Fontes:</th></tr><tr><td>Área Territorial: Área territorial brasileira 2022. Rio de Janeiro: IBGE", 2023</td></tr><tr><td>Popula&ccedil;&atilde;o no &uacute;ltimo censo: Censo 2022: População e Domicílios - Primeiros Resultados - Atualizado em 22/12/2023</td></tr><tr><td>Densidade demogr&aacute;fica: Censo 2022: População e Domicílios - Primeiros Resultados - Atualizado em 22/12/2023</td></tr><tr><td>Popula&ccedil;&atilde;o estimada: IBGE, Diretoria de Pesquisas, Coordenação de População e Indicadores Sociais, Estimativas da população residente com data de referência 1o de julho de 2024</td></tr><tr><td>Escolariza&ccedil;&atilde;o <span>6 a 14 anos</span>: IBGE, Censo Demográfico 2010</td></tr><tr><td>IDHM <span>&Iacute;ndice de desenvolvimento humano municipal</span>: Programa das Nações Unidas para o Desenvolvimento - PNUD</td></tr><tr><td>Mortalidade infantil: Ministério da Saúde, Departamento de Informática do Sistema Único de Saúde - DATASUS 2022</td></tr><tr><td>Total de receitas brutas realizadas: Siconfi: Sistema de Informações Contábeis e Fiscais do Setor Público Brasileiro. Brasília, DF, [2023]. Disponível em: https://siconfi.tesouro.gov.br/siconfi/pages/public/consulta_finbra/finbra_list.jsf. Acesso em: jun. 2024, Contas anuais. Receitas orçamentárias realizadas (Anexo I-C) 2023 e Despesas orçamentárias empenhadas (Anexo I-D) 2023. In: Brasil. Secretaria do Tesouro Nacional</td></tr><tr><td>Total de despesas brutas empenhadas: Siconfi: Sistema de Informações Contábeis e Fiscais do Setor Público Brasileiro. Brasília, DF, [2023]. Disponível em: https://siconfi.tesouro.gov.br/siconfi/pages/public/consulta_finbra/finbra_list.jsf. Acesso em: jun. 2024, Contas anuais. Receitas orçamentárias realizadas (Anexo I-C) 2023 e Despesas orçamentárias empenhadas (Anexo I-D) 2023. In: Brasil. Secretaria do Tesouro Nacional</td></tr><tr><td>PIB per capita: IBGE, em parceria com os Órgãos Estaduais de Estatística, Secretarias Estaduais de Governo e Superintendência da Zona Franca de Manaus - SUFRAMA</td></tr></table>
